entry_signal_time,entry_time,entry_price,exit_time,exit_price,qty,stop_initial,stop_final,take_profit,risk_usd,reason,fees,slippage_cost,pnl,r_multiple,bars_held,equity_at_entry
2019-09-02 20:00:00+00:00,2019-09-03 00:00:00+00:00,10344.136629553388,2019-09-06 16:00:00+00:00,10467.22521677209,0.01657,10042.398409184178,10471.4147749394,,4.999802311517816,stop,0.3448442657936132,0.13796493053194775,1.6947336244202802,0.3389601265866452,22,500.0
2019-10-25 16:00:00+00:00,2019-10-25 20:00:00+00:00,8638.324102738068,2019-10-26 16:00:00+00:00,8920.484951745886,0.01287,8248.727208290633,8924.054820603997,,5.014112031538492,stop,0.2259818725312085,0.09039851444281014,3.405428254199407,0.6791687606458429,5,501.6947336244202
2019-11-04 20:00:00+00:00,2019-11-05 00:00:00+00:00,9396.157515430281,2019-11-07 08:00:00+00:00,9160.386081469924,0.01906,9131.208581031096,9164.052997063509,,5.049926689648464,stop,0.3536877209569179,0.14150965531489396,-4.847491252241326,-0.959913192834641,14,505.1001618786196
2019-12-22 20:00:00+00:00,2019-12-23 00:00:00+00:00,7503.711405226927,2019-12-23 16:00:00+00:00,7381.766870948504,0.02495,7303.265471794324,7384.721633241154,,5.001126039143442,stop,0.37139268299057704,0.14860637961345413,-3.4139088132372137,-0.6826280294711238,4,500.2526706263783
2019-12-29 16:00:00+00:00,2019-12-29 20:00:00+00:00,7475.1207580313385,2019-12-30 08:00:00+00:00,7298.591239867508,0.02861,7301.514576070308,7301.514576070308,,4.966872865905068,stop,0.422675900259886,0.16920223603869525,-5.473185414927087,-1.1019378918469174,3,496.83876181314105
2020-01-03 08:00:00+00:00,2020-01-03 12:00:00+00:00,7343.396772531125,2020-01-08 16:00:00+00:00,8023.302637942929,0.02424,7140.712193866768,8026.513703303254,,4.913074186824024,stop,0.37248879370989113,0.14902359048874447,16.10842938387225,3.2786863725917557,31,491.365576398214
2020-01-14 00:00:00+00:00,2020-01-14 04:00:00+00:00,8465.215052323907,2020-01-19 08:00:00+00:00,8862.781247634599,0.01856,8191.90635978244,8866.328901315499,,5.07260933356963,stop,0.3216076113272299,0.12867102344922138,7.057220973639232,1.3912407815314685,31,507.47400578208624
2020-01-27 00:00:00+00:00,2020-01-27 04:00:00+00:00,8673.579404000171,2020-01-31 12:00:00+00:00,9209.228505914154,0.02539,8470.988633703972,9212.9148702947,,5.143779657820494,stop,0.45404449283272474,0.18168495918640046,13.146086204763321,2.5557249880982535,26,514.5312267557255
2020-02-05 16:00:00+00:00,2020-02-05 20:00:00+00:00,9659.792919416783,2020-02-10 04:00:00+00:00,9907.121008820264,0.0204,9401.206224213383,9911.086875939394,,5.275168582149346,stop,0.3991650441360358,0.15970724533261527,4.6463279796949735,0.8807923211056594,25,527.6773129604888
2020-02-11 16:00:00+00:00,2020-02-11 20:00:00+00:00,10250.689106269989,2020-02-13 08:00:00+00:00,10097.459984234083,0.01778,9951.320769872858,10101.501411777714,,5.322769021140976,stop,0.3617900908291624,0.14473869120614913,-3.086203880627579,-0.5798117236291473,9,532.3236409401839
2020-04-06 16:00:00+00:00,2020-04-06 20:00:00+00:00,7268.766570831484,2020-04-10 04:00:00+00:00,7070.378674250554,0.01642,6946.621939845411,7073.20851999585,,5.289614840791323,stop,0.2354487649242471,0.0941919601907484,-3.4929780267831347,-0.660346382849415,20,529.2374370595562
2020-04-16 08:00:00+00:00,2020-04-16 12:00:00+00:00,7026.789781488033,2020-04-20 08:00:00+00:00,7020.98499405221,0.01657,6709.588617978341,7023.795336175429,,5.256023279355607,stop,0.23277162803070184,0.09312544823846045,-0.3289569558423011,-0.06258666264557175,23,525.7444590327731
2020-04-23 12:00:00+00:00,2020-04-23 16:00:00+00:00,7531.791652323385,2020-04-30 08:00:00+00:00,8882.421870672792,0.01748,7231.285363483279,8885.976416351776,,5.252849928925055,stop,0.28692045238197317,0.1147771410814219,23.322095764365656,4.4398937871690345,39,525.4155020769308
2020-05-06 08:00:00+00:00,2020-05-06 12:00:00+00:00,9317.685773817659,2020-05-09 08:00:00+00:00,9547.620222353122,0.0139,8922.921707711404,9551.441115646501,,5.487220518876921,stop,0.26222775334677384,0.1048986728434409,2.933861081296186,0.5346716194844425,17,548.7375978412965
2020-05-13 20:00:00+00:00,2020-05-14 00:00:00+00:00,9313.073963427727,2020-05-15 00:00:00+00:00,9274.962670470079,0.01097,8810.272175431459,9278.67438505155,,5.515735614319071,stop,0.20391076187385893,0.08156938776090705,-0.6219916456192607,-0.11276676206244285,6,551.6714589225927
2020-05-28 12:00:00+00:00,2020-05-28 16:00:00+00:00,9503.610264929333,2020-05-31 20:00:00+00:00,9410.78867495942,0.01783,9194.622407625633,9414.555807494633,,5.509253495724992,stop,0.3372437330982164,0.13492669679287222,-1.99225268226175,-0.36161935256885086,19,551.0494672769735
2020-06-01 20:00:00+00:00,2020-06-02 00:00:00+00:00,10206.79128326195,2020-06-02 12:00:00+00:00,9872.189931655466,0.0155,9852.726874456088,9876.141054611342,,5.48799833649085,stop,0.31122420883122,0.124502296376304,-5.497545158731697,-1.0017395818394055,3,549.0572145947117
2020-06-16 00:00:00+00:00,2020-06-16 04:00:00+00:00,9566.34580804372,2020-06-17 16:00:00+00:00,9307.319723383393,0.01833,9269.845078628952,9311.044819409533,,5.434858370172691,stop,0.345954289191059,0.1384080716005306,-5.09390242101486,-0.9372649798881517,9,543.55966943598
2020-06-22 08:00:00+00:00,2020-06-22 12:00:00+00:00,9463.625776147106,2020-06-24 04:00:00+00:00,9504.841014109945,0.02842,9274.20097175905,9508.648021376266,,5.383452940708544,stop,0.5390838261791056,0.2157869046096022,0.6322532367247504,0.11744381230562709,10,538.4657670149652
2020-07-06 12:00:00+00:00,2020-07-06 16:00:00+00:00,9308.74309716368,2020-07-09 12:00:00+00:00,9269.934978248759,0.03113,9135.581306550734,9273.64646915791,,5.390526541781047,stop,0.5783542484875893,0.23143872670721638,-1.7864509903091061,-0.3314056570286095,17,539.09802025169
2020-07-21 04:00:00+00:00,2020-07-21 08:00:00+00:00,9319.007754006912,2020-07-22 04:00:00+00:00,9268.289176590433,0.04657,9203.635842042071,9272.001828536544,,5.372869940202638,stop,0.8656104180579185,0.3464997052322574,-3.227574568343357,-0.6007170477351307,5,537.3115692613808
2020-07-22 20:00:00+00:00,2020-07-23 00:00:00+00:00,9521.968560025409,2020-07-28 08:00:00+00:00,10588.202885442075,0.03828,9382.456593885592,10592.441212531246,,5.34051806383219,stop,0.7698173629324954,0.3080348387461372,40.04563261401745,7.498454669635917,32,534.0839946930374
2020-07-31 12:00:00+00:00,2020-07-31 16:00:00+00:00,11351.429203398557,2020-08-02 04:00:00+00:00,11548.8251012269,0.01369,10932.194742945978,11553.447024541993,,5.739319763595795,stop,0.3135044814303225,0.1254158247098746,2.388845359839678,0.4162244757631382,9,574.1296273070549
2020-08-05 20:00:00+00:00,2020-08-06 00:00:00+00:00,11749.6085960853,2020-08-07 12:00:00+00:00,11473.184552620816,0.01313,11310.675291688116,11477.776393461845,,5.763194286735016,stop,0.3049152740425113,0.12198343684269669,-3.9343629647311786,-0.6826705415409633,9,576.5184726668945
2020-08-10 00:00:00+00:00,2020-08-10 04:00:00+00:00,12014.204197006387,2020-08-10 08:00:00+00:00,11655.608669630263,0.01606,11657.69726214097,11660.27356048211,,5.725501373938625,stop,0.3801371946381847,0.15207355100325526,-6.139181364298736,-1.0722521860256817,1,572.5841097021632
2020-08-15 00:00:00+00:00,2020-08-15 04:00:00+00:00,11893.426330082872,2020-08-18 12:00:00+00:00,12063.2407006219,0.01587,11536.629814749089,12068.068814996392,,5.6623606983471175,stop,0.3801923057772847,0.15210513353835292,2.314761754677079,0.4087980045765671,20,566.4449283378644
2020-08-30 00:00:00+00:00,2020-08-30 04:00:00+00:00,11617.256618339641,2020-09-01 00:00:00+00:00,11513.160071493588,0.02266,11366.355016064435,11517.768882142687,,5.685430307556142,stop,0.524135242191621,0.20972802088483408,-2.882962993723197,-0.5070791193925349,11,568.7596900925415
2020-09-01 04:00:00+00:00,2020-09-01 08:00:00+00:00,11928.51036974578,2020-09-02 04:00:00+00:00,11766.758496354645,0.02199,11671.288771373871,11771.468326667973,,5.656302948198255,stop,0.5210589623655484,0.20846959929978554,-4.077982658236579,-0.7209625608075977,5,565.8767270988183
2020-09-16 12:00:00+00:00,2020-09-16 16:00:00+00:00,11009.392693371163,2020-09-20 12:00:00+00:00,10902.220836169812,0.0187,10708.981161855465,10906.585499289738,,5.617695639343555,stop,0.40974717300241625,0.1639495663833686,-2.4138609026676647,-0.4296888008246975,23,561.7987444405817
2020-09-28 00:00:00+00:00,2020-09-28 04:00:00+00:00,10889.565365062468,2020-09-28 20:00:00+00:00,10677.984648678188,0.02365,10653.109808722244,10682.259515185517,,5.5921739074463135,stop,0.5100725578249665,0.2041049766257136,-5.5139565003131565,-0.9860130588877063,4,559.384883537914
2020-10-05 20:00:00+00:00,2020-10-06 00:00:00+00:00,10796.520668199984,2020-10-06 12:00:00+00:00,10622.874505923153,0.03269,10627.127602015209,10627.127602015209,,5.53745933358029,stop,0.7002000282420853,0.28027635470676837,-6.376693073071692,-1.1515557386403033,3,553.8709270376008
2020-10-08 12:00:00+00:00,2020-10-08 16:00:00+00:00,10901.319484027306,2020-10-12 08:00:00+00:00,11177.355682889009,0.0272,10700.068563725174,11181.830916740704,,5.4740250322180195,stop,0.6005399645401237,0.2403043263088737,6.907644644498191,1.261894968298909,22,547.4942339645291
2020-10-12 12:00:00+00:00,2020-10-12 16:00:00+00:00,11554.010516985814,2020-10-14 12:00:00+00:00,11291.715494087388,0.01985,11274.741358461219,11296.235757641078,,5.543492796713225,stop,0.45348766131980306,0.18144449370916838,-5.660043865853567,-1.0210248436165454,11,554.4018786090273
2020-10-19 12:00:00+00:00,2020-10-19 16:00:00+00:00,11804.720826808689,2020-10-25 04:00:00+00:00,12925.534624868094,0.02397,11575.805871523984,12930.708925892379,,5.487091478174366,stop,0.5927842231766925,0.23718621415636834,26.273122516307296,4.788169218758631,33,548.7418347431737
2020-10-27 08:00:00+00:00,2020-10-27 12:00:00+00:00,13455.180453043386,2020-10-28 08:00:00+00:00,13353.452375747162,0.01477,13065.97259522119,13358.796683484492,,5.748600060033834,stop,0.3959635068812364,0.15840471673118534,-1.8984872085464701,-0.3302520942003568,5,575.014957259481
2020-10-31 08:00:00+00:00,2020-10-31 12:00:00+00:00,13945.576243391835,2020-11-02 08:00:00+00:00,13499.471935902702,0.01053,13401.649987020002,13504.875182944403,,5.727543479595394,stop,0.28899635732797146,0.11561403426513228,-4.986474715188535,-0.8706131577967158,11,573.1164700509345
2020-11-03 20:00:00+00:00,2020-11-04 00:00:00+00:00,14029.139968235208,2020-11-04 04:00:00+00:00,13550.026880955853,0.01199,13555.449507947627,13555.449507947627,,5.679548618848083,stop,0.33067421052180085,0.1322808167715065,-6.07524012700128,-1.0696695344485758,1,568.1299953357459
2020-11-04 16:00:00+00:00,2020-11-04 20:00:00+00:00,14107.901214471898,2020-11-07 16:00:00+00:00,15044.527353503538,0.01088,13591.366363272331,15050.548047736402,,5.619899181051299,stop,0.31717842281957276,0.12688156670781087,9.873313969844702,1.7568489490229127,17,562.0547552087446
2020-11-12 20:00:00+00:00,2020-11-13 00:00:00+00:00,16298.367213139803,2020-11-14 08:00:00+00:00,15841.972683408212,0.00848,15624.495938187525,15848.312818379818,,5.714428411595317,stop,0.27255008232272715,0.1090303119847484,-4.142775694446641,-0.7249676426150359,8,571.9280691785893
2020-11-16 16:00:00+00:00,2020-11-16 20:00:00+00:00,16785.641946815605,2020-11-18 04:00:00+00:00,17379.264078231372,0.0104,16239.96806890744,17386.219079522747,,5.675008330244931,stop,0.3553150226604886,0.1421362603125948,5.818355144063474,1.0252593133748504,8,567.7852934841427
2020-11-20 12:00:00+00:00,2020-11-20 16:00:00+00:00,18676.027711640447,2020-11-22 08:00:00+00:00,18024.482973016453,0.00686,17840.888413153993,18031.69632377145,,5.729055587617073,stop,0.25176550329674635,0.100712088032748,-4.721362410257328,-0.8241083260672494,10,573.6036486282062
2020-11-24 08:00:00+00:00,2020-11-24 12:00:00+00:00,19072.616215431968,2020-11-25 20:00:00+00:00,18535.96536603856,0.00691,18250.04044807613,18543.383104635286,,5.683998552428828,stop,0.2598752987279614,0.10395372233827144,-3.968132668036418,-0.6981234480330394,8,568.882286217949
2020-11-30 00:00:00+00:00,2020-11-30 08:00:00+00:00,18630.49971334168,2020-12-01 12:00:00+00:00,18757.28300478797,0.0067,17787.64717481636,18764.78913466024,,5.647112008119649,stop,0.25049814421146865,0.10020414953348446,0.5989499084786587,0.10606304738022976,7,564.9141535499125
2020-12-12 16:00:00+00:00,2020-12-12 20:00:00+00:00,18812.812812276505,2020-12-21 08:00:00+00:00,22830.887004829565,0.00848,18146.14281088332,22840.02381448624,,5.653361611814185,stop,0.3531385744490595,0.1412735939933703,33.7201305784009,5.964615903559719,51,565.5131034583912
2020-12-25 08:00:00+00:00,2020-12-25 12:00:00+00:00,24584.23001080857,2020-12-27 20:00:00+00:00,26314.45087366168,0.00497,23379.584545639354,26324.981151670607,,5.987087961890994,stop,0.25296644399581714,0.10119063542294374,8.346231244384157,1.3940385204810049,14,599.2332340367922
2020-12-30 16:00:00+00:00,2020-12-30 20:00:00+00:00,28787.96090085775,2021-01-02 20:00:00+00:00,31347.330337114454,0.00378,27181.995299032504,31359.87445029404,,6.070549974899434,stop,0.22731140087953494,0.09092795306112378,9.4471050681708,1.5562189764078669,18,607.5794652811763
2021-01-03 04:00:00+00:00,2021-01-03 08:00:00+00:00,34465.560905092,2021-01-03 16:00:00+00:00,32322.75879222411,0.00289,32335.693261978304,32335.693261978304,,6.155317488598591,stop,0.19301824392524358,0.07720743330550917,-6.385716350113455,-1.0374308655794975,2,617.0265703493471
2021-01-06 20:00:00+00:00,2021-01-07 00:00:00+00:00,36784.06788618142,2021-01-10 16:00:00+00:00,38031.414281731406,0.002,33738.9309403025,38046.633148638946,,6.090273891757833,stop,0.14963096433582568,0.05985350617792574,2.3450618267641374,0.38505030618373115,22,610.6408539992336
2021-01-14 12:00:00+00:00,2021-01-14 16:00:00+00:00,39561.82852171545,2021-01-15 12:00:00+00:00,36369.16495653729,0.00153,35558.977986841404,36383.71866910925,,6.124361318357287,stop,0.11617442002172669,0.04646951845972588,-5.000949674744298,-0.8165667266812539,5,612.9859158259977
2021-01-25 12:00:00+00:00,2021-01-25 16:00:00+00:00,34472.09352909357,2021-01-25 20:00:00+00:00,32027.28060699178,0.00249,32040.096903972037,32040.096903972037,,6.055671596552608,stop,0.16558344159885252,0.0662335669238292,-6.2531676176323145,-1.032613396867845,1,607.9849661512534
2021-01-29 08:00:00+00:00,2021-01-29 12:00:00+00:00,37038.63958039074,2021-01-29 16:00:00+00:00,33869.49298783085,0.00189,33861.81557383716,33883.04627962882,,6.004197372386273,stop,0.1340163705539388,0.0536058284366702,-6.123703430492142,-1.0199037524408316,1,601.731798533621
2021-02-02 16:00:00+00:00,2021-02-02 20:00:00+00:00,35776.35515960899,2021-02-07 00:00:00+00:00,38787.29511107498,0.0025,33402.00457033072,38802.81656790026,,5.935876473195679,stop,0.18640912567670992,0.07456654108567817,7.340940752988274,1.2367071292904037,25,595.6080951031288
2021-02-08 12:00:00+00:00,2021-02-08 16:00:00+00:00,43720.71137309605,2021-02-10 12:00:00+00:00,44303.29006268174,0.00207,40810.22237741353,44321.018780040584,,6.024712221062816,stop,0.18220968297206003,0.07288488724161418,1.0237282044703164,0.16992151108749906,11,602.9490358561171
2021-02-17 04:00:00+00:00,2021-02-17 08:00:00+00:00,51137.21700531081,2021-02-20 20:00:00+00:00,54283.21426921221,0.0021,48262.56008509834,54304.93671161845,,6.0367795324462,stop,0.22138290567649838,0.08855584020582682,6.385211348516435,1.0577181615126907,21,603.9727640605873
2021-02-21 16:00:00+00:00,2021-02-21 20:00:00+00:00,58095.84966667772,2021-02-22 04:00:00+00:00,55203.75419601222,0.00212,55225.84490676294,55225.84490676294,,6.084410091019333,stop,0.2401951601889027,0.0960792001482952,-6.371437557999769,-1.0471742474104586,2,610.3579754091038
2021-03-01 12:00:00+00:00,2021-03-01 16:00:00+00:00,49207.66533853154,2021-03-04 20:00:00+00:00,47981.16970711361,0.00106,43543.5077310021,46877.525871587255,,6.004007063981201,signal,0.10302016514838386,0.041208169303009634,-1.4031055344513916,-0.23369485070542295,19,603.986537851104
2021-03-08 20:00:00+00:00,2021-03-09 00:00:00+00:00,52396.1304162369,2021-03-15 08:00:00+00:00,57766.63388232637,0.0015,48396.50131543104,57190.77202817815,,5.999443651208784,signal,0.1652441464478449,0.06609980086578798,7.890511052686364,1.3152071277636823,38,602.5834323166525
2021-03-29 08:00:00+00:00,2021-03-29 12:00:00+00:00,57877.281900949594,2021-04-03 20:00:00+00:00,57038.50636534356,0.00157,53995.60341791143,57061.331274588694,,6.094235218369918,stop,0.18041778757808025,0.07216789200572893,-1.4972953784795635,-0.24569044758335715,32,610.4739433693389
2021-04-10 00:00:00+00:00,2021-04-10 04:00:00+00:00,59253.19248423757,2021-04-16 04:00:00+00:00,61139.9672022016,0.00211,56367.27786030093,61164.43344994736,,6.089279856506307,stop,0.25402956693838663,0.10161492448482,3.727065087965741,0.6120699287590512,36,608.9766479908594
2021-04-30 12:00:00+00:00,2021-04-30 16:00:00+00:00,57202.92222176607,2021-05-04 00:00:00+00:00,55367.03985995212,0.0015,53129.67407446453,55389.19596139595,,6.109872220952318,stop,0.16885494312257732,0.06754248481484319,-2.922678485843491,-0.47835345489237524,20,612.7037130788251
2021-06-14 12:00:00+00:00,2021-06-14 16:00:00+00:00,40701.6442587163,2021-06-16 12:00:00+00:00,39064.37778831823,0.00174,37203.018240900026,37533.69428316949,,6.08760927100031,signal,0.13879287836184007,0.05551725849264069,-2.987636536854481,-0.49077337323319303,11,609.7810345929817
2021-07-23 20:00:00+00:00,2021-07-24 00:00:00+00:00,33647.5540194311,2021-07-30 12:00:00+00:00,38634.53965752527,0.00317,31734.85760830198,37423.87905779216,,6.063247623279327,signal,0.2291342369559517,0.09165852724150558,15.579610235802548,2.56951574532202,39,606.7933980561272
2021-07-30 20:00:00+00:00,2021-07-31 00:00:00+00:00,42223.24268312122,2021-08-01 20:00:00+00:00,39553.72883087932,0.00182,38815.56579356956,39569.55694220599,,6.201971938984024,stop,0.148834088155481,0.05953364589516365,-5.007349299235742,-0.8073801927030357,11,622.3730082919298
2021-08-05 16:00:00+00:00,2021-08-05 20:00:00+00:00,40708.51706087503,2021-08-12 16:00:00+00:00,44178.51118262899,0.00192,37495.8799037174,43508.506369310824,,6.1682633417426445,signal,0.16298309422752771,0.06519528623240534,6.49940561954007,1.0536848476550082,41,617.3656589926941
2021-08-13 20:00:00+00:00,2021-08-14 00:00:00+00:00,47819.11038955707,2021-08-15 08:00:00+00:00,45720.044112293064,0.00206,44796.45089252282,45040.98318878169,,6.226678563890556,signal,0.19269065827381132,0.07707753116384979,-4.516767189437672,-0.7253894902542558,8,623.8650646122342
2021-08-20 12:00:00+00:00,2021-08-20 16:00:00+00:00,48737.867672703906,2021-08-24 12:00:00+00:00,48291.41487672005,0.00203,45691.95675563376,47869.54443194209,,6.18319916165241,end,0.1969694435753307,0.07878997584722158,-1.1032686194225505,-0.17843006356077182,23,619.3482974227965
2021-09-02 00:00:00+00:00,2021-09-02 04:00:00+00:00,49577.70368370436,2021-09-07 08:00:00+00:00,50423.36893652859,0.00235,46955.31087461685,50443.54705155458,,6.162623101355661,stop,0.23500252065754745,0.09400422701634162,1.752310823479391,0.2843449606862889,31,618.245028803374
2021-09-14 20:00:00+00:00,2021-09-15 00:00:00+00:00,47122.121987913335,2021-09-20 00:00:00+00:00,46414.71430481809,0.00214,44235.02115340272,46433.28862989629,,6.178395785852721,stop,0.20016882966644525,0.08007090980189474,-1.7140212714902816,-0.2774217338771084,30,619.9973396268534
2021-10-01 08:00:00+00:00,2021-10-01 12:00:00+00:00,47507.06542184125,2021-10-12 20:00:00+00:00,54204.12122824699,0.00173,43934.58360050868,54225.81204606024,,6.180393550905348,stop,0.17596035290465267,0.07038719460227913,11.409946192177287,1.8461520448816529,68,618.2833183553632
2021-10-14 00:00:00+00:00,2021-10-14 04:00:00+00:00,58089.21693236942,2021-10-21 12:00:00+00:00,63045.08420138113,0.00163,54249.50546548623,63070.31267366501,,6.258729691019591,stop,0.19744891084801341,0.078982309584881,7.880614737641082,1.2591396540017812,44,629.6932645475405
2021-11-02 08:00:00+00:00,2021-11-02 12:00:00+00:00,62938.46574666258,2021-11-03 16:00:00+00:00,60648.91361309515,0.00171,59220.6930143336,60673.18337710583,,6.357391372282558,stop,0.2113344187051857,0.08453472325126538,-4.126468567105476,-0.6490820409604433,7,637.5738792851815
2021-11-07 20:00:00+00:00,2021-11-08 00:00:00+00:00,63298.890890065406,2021-11-10 20:00:00+00:00,65305.21945608188,0.00236,60621.67359203464,65331.35270609554,,6.318232823352604,stop,0.3035057004169076,0.12140817058658199,4.431429715381995,0.7013717030184674,17,633.4474107180761
2021-11-14 20:00:00+00:00,2021-11-15 00:00:00+00:00,65545.318792952,2021-11-16 00:00:00+00:00,62623.946112204445,0.00195,62279.8196494762,62649.00696302341,,6.367723329777821,stop,0.24993006656505506,0.09997580535338638,-5.946606794022799,-0.9338670174651392,6,637.8788404334581
2022-02-04 16:00:00+00:00,2022-02-04 20:00:00+00:00,40744.21145486034,2022-02-11 16:00:00+00:00,42343.98999341978,0.00237,38084.81344764401,42360.935010370595,,6.302773277102715,stop,0.19691903743242392,0.0787704381924413,3.594556098953447,0.5703134066414979,41,631.9322336394354
2022-02-15 08:00:00+00:00,2022-02-15 12:00:00+00:00,44251.294074401245,2022-02-17 12:00:00+00:00,43146.78356971317,0.00267,41878.413494816305,42424.36480742295,,6.33559114749179,signal,0.2333528673097855,0.0933445475171801,-3.182395914826955,-0.5023044954671421,12,635.5267897383887
2022-03-24 12:00:00+00:00,2022-03-24 16:00:00+00:00,44017.60036017475,2022-03-31 16:00:00+00:00,46135.361853546376,0.00289,41833.553302714965,46153.823810703034,,6.311895996058778,stop,0.2605420607976541,0.10422009708777158,5.859788655046344,0.9283721814658012,42,632.3443938235619
2022-05-30 20:00:00+00:00,2022-05-31 00:00:00+00:00,31746.923865230154,2022-06-01 16:00:00+00:00,30521.604509801586,0.00381,30074.523148107597,30533.8182780043,,6.371846732236941,stop,0.23724309310887093,0.09489808337922495,-4.905709837291724,-0.7699039294954124,10,638.2041824786081
2022-07-08 00:00:00+00:00,2022-07-08 04:00:00+00:00,22139.422531043325,2022-07-10 12:00:00+00:00,20842.433685776385,0.00426,20654.973090879826,20850.774140404577,,6.3237546150965045,stop,0.18310270748365196,0.0732421189606659,-5.708275188320826,-0.902671835920647,14,633.2984726413164
2022-07-18 12:00:00+00:00,2022-07-18 16:00:00+00:00,22684.90043392069,2022-07-23 08:00:00+00:00,22468.364227089038,0.00394,21095.61178351446,22477.355399303484,,6.261797282600544,stop,0.17790386276437836,0.07116272817243452,-1.031056517681094,-0.16465823966324455,28,627.5901974529955
2022-07-30 12:00:00+00:00,2022-07-30 16:00:00+00:00,24536.3807561319,2022-08-01 04:00:00+00:00,23117.451145507246,0.00404,22988.0291711176,23126.70212443485,,6.255340403457783,stop,0.19252148088262216,0.07700940964040318,-5.92499710780622,-0.9471901968006476,9,626.5591409353144
2022-10-25 16:00:00+00:00,2022-10-25 20:00:00+00:00,20284.3705834402,2022-10-28 08:00:00+00:00,20071.977760491973,0.00924,19613.178633122618,20020.699051717504,,6.201813620934463,signal,0.3728926586979333,0.14915968404161045,-2.335402342739542,-0.37656764383507113,15,620.6341438275082
2022-11-05 00:00:00+00:00,2022-11-05 04:00:00+00:00,21453.768203955093,2022-11-07 00:00:00+00:00,20897.217612808246,0.00712,20586.361519558395,20799.281318086647,,6.175935592904496,signal,0.30153901901535496,0.12061700896556721,-4.264179227980918,-0.6904507282880369,11,618.2987414847686
2022-12-13 08:00:00+00:00,2022-12-13 12:00:00+00:00,17451.297974407295,2022-12-15 00:00:00+00:00,17574.88649870086,0.0158,17062.845579257322,17581.919624035658,,6.1375478433695765,stop,0.553413714675109,0.22137537592506124,1.3992849691632614,0.22798762712292597,9,614.0345622567877
2023-01-08 20:00:00+00:00,2023-01-09 00:00:00+00:00,17134.68170510803,2023-01-30 12:00:00+00:00,23003.536180802108,0.02332,16870.864060143536,23012.74164258669,,6.152227480571955,stop,0.9360232410994245,0.3744531319356542,135.92566313208653,22.093731670573714,129,615.433847225951
2023-02-15 20:00:00+00:00,2023-02-16 00:00:00+00:00,24332.599249078667,2023-02-16 20:00:00+00:00,23907.7014698377,0.00712,23278.540013999464,23917.2684523871,,7.504901753763922,stop,0.3434709411186845,0.13738916919184557,-3.3687431293143675,-0.44887238232330584,5,751.3595103580376
2023-03-13 12:00:00+00:00,2023-03-13 16:00:00+00:00,23991.312710868104,2023-03-22 16:00:00+00:00,26929.829364272504,0.00398,22114.520854941893,26940.60574879035,,7.469631586586319,stop,0.2026661454590596,0.08106899963607198,11.492630135090451,1.5385805848481846,54,747.9907672287231
2023-03-29 08:00:00+00:00,2023-03-29 12:00:00+00:00,28365.34191139629,2023-04-03 00:00:00+00:00,27701.493609650064,0.00515,26893.06050343647,27712.579584694173,,7.582249250993058,stop,0.28874420293338876,0.1155036151680437,-3.707562956926438,-0.48897930339613316,27,759.4833973638135
2023-04-09 20:00:00+00:00,2023-04-10 00:00:00+00:00,28335.090940316084,2023-04-17 00:00:00+00:00,30017.530021596973,0.01017,27592.462197642406,30029.544908223812,,7.552534312991319,stop,0.5934461551826558,0.2374270600095448,16.51695930144399,2.1869426363323794,42,755.775834406887
2023-04-25 20:00:00+00:00,2023-04-26 00:00:00+00:00,28312.12088765072,2023-04-26 16:00:00+00:00,28443.118451303773,0.00648,27121.592242961862,28454.500550266595,,7.714625617583789,stop,0.3677739509164251,0.14711535325575037,0.48109026155538004,0.06236080471083921,4,772.292793708331
2023-05-05 16:00:00+00:00,2023-05-05 20:00:00+00:00,29573.485376352397,2023-05-06 12:00:00+00:00,28425.617347679905,0.00628,28344.202454350423,28436.993346384363,,7.719896750172401,stop,0.3642343651069229,0.1457046353570487,-7.5728455851701995,-0.9809516668731459,4,772.7738839698865
2023-05-28 16:00:00+00:00,2023-05-28 20:00:00+00:00,27537.001764975503,2023-05-31 04:00:00+00:00,27196.182164236372,0.01007,26777.332171696245,27207.06792394075,,7.649872804322114,stop,0.5511631621671637,0.22050807352639168,-3.9832165416102043,-0.5206905583266326,14,765.2010383847163
2023-06-20 16:00:00+00:00,2023-06-20 20:00:00+00:00,27993.963441844997,2023-06-26 00:00:00+00:00,30021.643382233276,0.00718,26934.12326941185,30033.659856058657,,7.609652438069973,stop,0.416552056996882,0.16664719451330748,14.142189914991008,1.8584541186453811,31,761.2178218431061
2023-07-03 16:00:00+00:00,2023-07-03 20:00:00+00:00,31268.33330922097,2023-07-05 08:00:00+00:00,30376.21933168314,0.00777,30271.397204167282,30388.37887332275,,7.746193536267128,stop,0.47897817401982495,0.191630351186671,-7.410703779488756,-0.9566897269984757,9,775.3600117580971
2023-07-10 16:00:00+00:00,2023-07-10 20:00:00+00:00,30849.736973553576,2023-07-14 16:00:00+00:00,30517.183852715236,0.00984,30069.429275696417,30529.39824952981,,7.6782277469144455,stop,0.6038505009304851,0.24158548442259548,-3.876173209979754,-0.5048265482275417,23,767.9493079786083
2023-08-01 20:00:00+00:00,2023-08-02 00:00:00+00:00,29717.874114241342,2023-08-02 16:00:00+00:00,28965.81763831481,0.01031,28977.410148764804,28977.410148764804,,7.63418348406312,stop,0.605028861968854,0.24204400056766404,-8.358731128771353,-1.0949083351508089,4,764.0731347686285
2023-08-08 08:00:00+00:00,2023-08-08 12:00:00+00:00,29450.409755333752,2023-08-11 16:00:00+00:00,29288.708202598176,0.01359,28894.64387876557,29300.4317528032,,7.552858262561597,stop,0.7982646130482949,0.3194099222719624,-2.9957887147248243,-0.39664304698719244,19,755.7144036398572
2023-08-14 12:00:00+00:00,2023-08-14 16:00:00+00:00,29611.84361246247,2023-08-15 16:00:00+00:00,29166.70276759637,0.01736,29178.3786758458,29178.3786758458,,7.524951299665386,stop,1.0203955651578216,0.408298879558639,-8.748040632033394,-1.162537840267803,6,752.7186149251324
2023-08-29 16:00:00+00:00,2023-08-29 20:00:00+00:00,27842.463246285766,2023-08-30 12:00:00+00:00,27213.496987113023,0.01187,27215.732507294393,27224.390482186263,,7.439293871827588,stop,0.6535142479704437,0.2614574199313836,-8.119343744350886,-1.0914132287606797,4,743.970574293099
2023-09-14 12:00:00+00:00,2023-09-14 16:00:00+00:00,26704.648643149998,2023-09-18 16:00:00+00:00,26789.42216900684,0.01135,26056.880287006752,26800.14367075466,,7.352170842225841,stop,0.6071577037179802,0.24289164459021234,0.35502181475715133,0.048288025724068984,24,735.8512305487482
2023-10-01 20:00:00+00:00,2023-10-02 00:00:00+00:00,28003.778864986278,2023-10-02 16:00:00+00:00,27749.921861919123,0.0149,27509.859462864635,27761.027964497156,,7.359399091612489,stop,0.8307301408308905,0.33234401670820046,-4.613199486531528,-0.6268445873236028,4,736.2062523635053
2023-10-23 00:00:00+00:00,2023-10-23 04:00:00+00:00,30748.975875697306,2023-10-27 16:00:00+00:00,33623.72946228476,0.00975,29998.98680138668,33637.18619875354,,7.312393474528599,stop,0.6276338770453251,0.25108796861929206,27.401213592182444,3.7472290964141384,27,731.5930528769738
2023-11-01 20:00:00+00:00,2023-11-02 00:00:00+00:00,35435.59960743611,2023-11-02 12:00:00+00:00,34636.73612953163,0.00845,34538.30562933899,34650.59897599148,,7.582134114920655,stop,0.5921112369773773,0.23687423542087233,-7.34250762527023,-0.968395904633384,3,758.9942664691563
2023-11-09 00:00:00+00:00,2023-11-09 04:00:00+00:00,36452.95660872232,2023-11-09 16:00:00+00:00,36034.89168065118,0.00807,35522.3782828052,36049.31195989799,,7.509767090151169,stop,0.5849769356952442,0.23400488591093463,-3.958760905229383,-0.5271482933766584,3,751.651758843886
2023-11-24 12:00:00+00:00,2023-11-24 16:00:00+00:00,38236.389535721115,2023-11-26 12:00:00+00:00,37474.866680260115,0.00744,37231.49064649299,37489.87051366745,,7.476447735857259,stop,0.5632917462469005,0.2253826663156593,-6.229021790876743,-0.8331525894312315,11,747.6929979386566
2023-12-01 08:00:00+00:00,2023-12-01 12:00:00+00:00,38595.60361402398,2023-12-07 08:00:00+00:00,42895.31284970806,0.00909,37780.37533829419,42912.482501766346,,7.410425026383805,stop,0.7407524306553244,0.2963636886878117,38.34360452171296,5.174278720207788,35,741.4639761477799
2023-12-20 12:00:00+00:00,2023-12-20 16:00:00+00:00,44044.81162107986,2023-12-24 20:00:00+00:00,43043.82652232041,0.00598,42741.86314719506,43061.05586340038,,7.79163187383114,stop,0.5207900560975336,0.20834895371584483,-6.506680946679012,-0.8350857756168197,25,779.8075806694928
2024-01-01 20:00:00+00:00,2024-01-02 00:00:00+00:00,44197.22368232643,2024-01-03 08:00:00+00:00,44291.37393937669,0.00747,43162.03553674493,44309.101037738394,,7.732855447493833,stop,0.6610098242341224,0.264443831740365,0.042292595931314736,0.0054692081364357435,8,773.3008997228138
2024-01-08 16:00:00+00:00,2024-01-08 20:00:00+00:00,46998.15220044029,2024-01-09 12:00:00+00:00,45438.05949142483,0.00467,45342.70650455424,45456.24370990729,,7.7309313997878375,stop,0.43167710860101005,0.17267987636924187,-7.7173100597031805,-0.9982380725710448,4,773.3431923187452
2024-01-28 04:00:00+00:00,2024-01-28 08:00:00+00:00,42405.77765052584,2024-01-31 08:00:00+00:00,42529.73869759011,0.00788,41435.26261495552,42546.76324665732,,7.647658480294107,stop,0.6692918688231537,0.2677797327932101,0.30752118204327417,0.04021115519680578,18,765.625882259042
2024-02-07 20:00:00+00:00,2024-02-08 00:00:00+00:00,44367.341538372384,2024-02-13 12:00:00+00:00,48611.34719644623,0.00825,43439.241976479505,48630.801728175305,,7.656821385616255,stop,0.7670741820622538,0.30686757833705636,34.245972497047035,4.47260955588959,33,765.9334034410853
2024-02-14 08:00:00+00:00,2024-02-14 12:00:00+00:00,51575.74268851977,2024-02-17 12:00:00+00:00,50931.95614831101,0.00489,49941.67979410663,50952.34030591133,,7.990567553680237,stop,0.5012626473121026,0.2005234775272574,-3.649378828932953,-0.45671084117825256,18,800.1793759381324
2024-02-26 16:00:00+00:00,2024-02-26 20:00:00+00:00,54508.895709677934,2024-02-28 16:00:00+00:00,58941.20386425262,0.00625,53235.24871942793,58964.79046354991,,7.9602936890625315,stop,0.709063122337066,0.2836394310951619,26.992862843754722,3.390938060594799,11,796.5299971091994
2024-03-04 08:00:00+00:00,2024-03-04 12:00:00+00:00,65256.08279855204,2024-03-05 04:00:00+00:00,65845.86737882672,0.00392,63156.91847966469,65872.21735548362,,8.228724130038417,stop,0.5139196446953247,0.2055756788190431,1.7980359099814223,0.21850725356289563,4,823.5228599529541
2024-03-11 04:00:00+00:00,2024-03-11 08:00:00+00:00,71048.39866237067,2024-03-12 16:00:00+00:00,69692.33733956983,0.00321,68480.12768362107,69720.22606341427,,8.244149841786193,stop,0.45177776256622904,0.1807146097505097,-4.804734608756974,-0.5828053469387173,8,825.3208958629355
2024-03-25 12:00:00+00:00,2024-03-25 16:00:00+00:00,69819.97737371022,2024-03-27 16:00:00+00:00,68391.90056620582,0.00285,66948.34718421685,68419.26870065997,,8.184146040056097,stop,0.3939038521287608,0.15756369826848096,-4.463922753516329,-0.5454353736685924,12,820.5161612541784
2024-04-08 08:00:00+00:00,2024-04-08 12:00:00+00:00,72432.96238626596,2024-04-09 04:00:00+00:00,70301.24122196985,0.00379,70281.45675203462,70329.37603448352,,8.154206353736786,stop,0.5409626316752137,0.21639838337482242,-8.620185844357536,-1.057145903648515,4,816.052238500662
2024-05-15 16:00:00+00:00,2024-05-15 20:00:00+00:00,66032.63390022746,2024-05-16 16:00:00+00:00,64666.447415849274,0.00413,64081.18485311752,64692.32590185061,,8.05948456456407,stop,0.539787205835397,0.21592625512493868,-6.182137386317265,-0.7670636176287102,5,807.4320526563044
2024-05-17 12:00:00+00:00,2024-05-17 16:00:00+00:00,67221.9698431091,2024-05-19 16:00:00+00:00,65906.77675674946,0.00421,65319.71101676188,65933.15384051557,,8.008509658921758,stop,0.5604720231854046,0.2242116621446435,-6.097434916759482,-0.7613694902604916,12,801.2499152699872
2024-05-20 16:00:00+00:00,2024-05-20 20:00:00+00:00,70028.00100628987,2024-05-21 16:00:00+00:00,69519.77117160865,0.00462,68309.43193720462,69547.59162010247,,7.939789099173823,stop,0.6447107074618912,0.25789512110061685,-2.992732543689158,-0.3769284682889836,5,795.1524803532278
2024-06-05 12:00:00+00:00,2024-06-05 16:00:00+00:00,71608.64428997373,2024-06-06 20:00:00+00:00,70135.85223230494,0.00489,69990.84251376106,70163.92087601157,,7.911050685679971,stop,0.6931305879939427,0.2772773456969996,-7.895083749994342,-0.9979816921518995,7,792.1597478095387
2024-07-15 00:00:00+00:00,2024-07-15 04:00:00+00:00,62672.93072092589,2024-07-16 04:00:00+00:00,62826.43840812657,0.00411,60766.79215550101,62851.581854597694,,7.834229503896262,stop,0.5158024071204057,0.20633912800173632,0.11511418727440059,0.01469374712818279,6,784.2646640595443
2024-07-16 16:00:00+00:00,2024-07-16 20:00:00+00:00,65191.487601614004,2024-07-18 12:00:00+00:00,63692.23465134492,0.00346,62926.82145857893,63717.72627635962,,7.835744854901345,stop,0.44593767899523784,0.17839492413532207,-5.633352886926275,-0.7189301069958334,10,784.3797782468188
2024-07-19 16:00:00+00:00,2024-07-19 20:00:00+00:00,67184.11400015674,2024-07-23 04:00:00+00:00,66393.27403621684,0.0036,65026.15527735309,66419.84696016474,,7.768651402093132,stop,0.4808785969309449,0.1923729267766932,-3.3279024671145976,-0.4283758267513394,20,778.7464253598926
2024-07-27 12:00:00+00:00,2024-07-27 16:00:00+00:00,68871.54002378008,2024-07-27 20:00:00+00:00,67067.43113313561,0.00436,67094.27156282673,67094.27156282673,,7.748890489756573,stop,0.5926939142441525,0.23709877713441557,-8.45860867745398,-1.0915896525619506,1,775.4185228927779
2024-08-23 16:00:00+00:00,2024-08-23 20:00:00+00:00,63654.292552918625,2024-08-24 00:00:00+00:00,63806.475670089996,0.00363,61544.320066746965,61867.862691412025,,7.6592001248031405,end,0.4626825886495214,0.1850823846679429,0.08974212668255177,0.011716905841373136,1,766.9599142153239
2019-09-14 16:00:00+00:00,2019-09-14 20:00:00+00:00,186.88480059958076,2019-09-19 00:00:00+00:00,202.92947092981876,0.6079,178.65982124081222,203.0108159963354,,4.999964952195389,stop,0.23696809566272198,0.09492095042060184,9.516586998088954,1.903330741130576,25,500.0
2019-09-19 16:00:00+00:00,2019-09-19 20:00:00+00:00,221.55860093363535,2019-09-22 04:00:00+00:00,209.21625087183563,0.3284,206.04540494721397,206.89694521850942,,5.094533561940781,signal,0.14146646133291668,0.05659976029503236,-4.194694221627941,-0.8233715944016584,14,509.51658699808894
2019-10-09 12:00:00+00:00,2019-10-09 16:00:00+00:00,190.71627564245549,2019-10-11 12:00:00+00:00,183.97634046046565,0.4062,178.27721228922593,180.72386145273873,,5.052747534081847,signal,0.15220014066100657,0.06090367092428141,-2.8899618115852803,-0.5719584824082103,11,505.32189277646097
2019-10-25 16:00:00+00:00,2019-10-25 20:00:00+00:00,180.74227642049354,2019-11-07 12:00:00+00:00,186.57529657985575,0.3699,167.15971877056504,183.31818734361462,,5.024188074708551,signal,0.13587077025282923,0.05436784305192657,2.0217633866952696,0.4024059920990419,76,502.4319309648757
2020-01-06 00:00:00+00:00,2020-01-06 04:00:00+00:00,139.54585740393185,2020-01-08 20:00:00+00:00,137.8348081754567,0.7099,132.44033774557465,137.02847025417202,,5.044208405467778,signal,0.19691253449480792,0.078833847294501,-1.41158638178932,-0.2798429938499767,16,504.45369435157096
2020-01-14 00:00:00+00:00,2020-01-14 04:00:00+00:00,148.999606808545,2020-01-20 08:00:00+00:00,161.98564166806395,0.6169,140.84599958713326,162.05057544346502,,5.029960294888891,stop,0.19184679978522007,0.07682908623633157,7.819238105052008,1.5545327689758097,37,503.0421079697817
2020-01-28 20:00:00+00:00,2020-01-29 00:00:00+00:00,175.65029244982185,2020-02-10 12:00:00+00:00,218.4925238083932,0.5386,166.16603274997232,214.84663334306177,,5.108222274338961,signal,0.21228532083667462,0.08497419027346878,22.862540488889863,4.475635409159723,74,510.8613460748337
2020-02-11 16:00:00+00:00,2020-02-11 20:00:00+00:00,238.21526657861577,2020-02-16 00:00:00+00:00,260.0676693636898,0.313,221.16467489221532,260.1718007776273,,5.336835197843345,stop,0.15596255894994165,0.06241157166917881,6.683839512778235,1.2523975848981104,25,533.7238865637236
2020-03-06 20:00:00+00:00,2020-03-07 00:00:00+00:00,245.02801290334455,2020-03-08 00:00:00+00:00,230.9222480420429,0.3105,227.62726617514522,231.0147202388562,,5.402931859105891,stop,0.1477825560235428,0.05914562359901043,-4.527622545457703,-0.8379936418829759,6,540.4077260765018
2020-04-06 08:00:00+00:00,2020-04-06 12:00:00+00:00,154.30171174177372,2020-04-10 04:00:00+00:00,163.30462743039126,0.4991,143.56647397085743,159.21620808376522,,5.357957171464318,signal,0.15851732388082757,0.06342777981097925,4.334837896308187,0.8090467612161755,22,535.8801035310441
2020-04-18 12:00:00+00:00,2020-04-18 16:00:00+00:00,184.57380795644508,2020-04-20 12:00:00+00:00,173.10734572224362,0.3871,170.6194336574277,173.17662888668323,,5.4017382911496306,stop,0.1384583745890204,0.0553905728944638,-4.577125905448412,-0.8473431437705362,11,540.2149414273523
2020-04-25 04:00:00+00:00,2020-04-25 08:00:00+00:00,194.83791703211924,2020-04-30 08:00:00+00:00,210.06134573507737,0.3485,179.4720416001836,210.1454132784376,,5.3550075880295775,stop,0.141107393074368,0.05645162455459366,5.164257509906548,0.9643791208532689,30,535.6378155219039
2020-05-18 00:00:00+00:00,2020-05-18 04:00:00+00:00,215.18605316358452,2020-05-20 16:00:00+00:00,207.8668024420306,0.3973,201.57492461713497,203.33572484594868,,5.407701371504404,signal,0.1680788995321109,0.06724331167336767,-3.0760172112054818,-0.5688215749882919,15,540.8020730318104
2020-05-28 20:00:00+00:00,2020-05-29 00:00:00+00:00,220.32813566849092,2020-06-02 12:00:00+00:00,235.3181685626368,0.4858,209.25979260416904,235.41237252871488,,5.377001060647576,stop,0.22135297459548187,0.08858059447361537,7.060805005380601,1.3131492677314514,27,537.726055820605
2020-06-22 12:00:00+00:00,2020-06-22 16:00:00+00:00,241.58664394169955,2020-06-24 12:00:00+00:00,237.96474043830335,0.5881,232.32338722784914,236.16016714473622,,5.44772127341543,signal,0.28202416915387973,0.11285845034729959,-2.412065619501192,-0.4427659746969682,11,544.7868608259855
2020-07-06 04:00:00+00:00,2020-07-06 08:00:00+00:00,232.9131620840423,2020-07-10 04:00:00+00:00,237.59209723310667,0.6199,224.1646033561907,237.6872922306582,,5.423231555395212,stop,0.29166621025070066,0.11676255488001867,2.608805688654286,0.48104265178553157,23,542.3747952064844
2020-07-22 20:00:00+00:00,2020-07-23 00:00:00+00:00,263.8555160164605,2020-08-02 04:00:00+00:00,374.2120618105306,0.4445,251.59737526827118,374.36183233709954,,5.448743562570157,stop,0.2836210383440976,0.11347486837659318,48.76986356712007,8.950662296192824,61,544.9836008951386
2020-08-13 20:00:00+00:00,2020-08-14 00:00:00+00:00,424.70982255083186,2020-08-16 12:00:00+00:00,417.6728395333904,0.1717,390.14119520042084,411.92560839364853,,5.935433316065567,signal,0.14463710307986094,0.05785998409469042,-1.3528870871745653,-0.227934005005612,15,593.7534644622586
2020-08-30 12:00:00+00:00,2020-08-30 16:00:00+00:00,416.9767476051181,2020-09-02 08:00:00+00:00,446.708850536943,0.2511,393.3937767243716,446.8876302617954,,5.921683988155442,stop,0.21687145369347155,0.08676191255558752,7.248859592487747,1.224121315319582,16,592.400577375084
2020-10-01 08:00:00+00:00,2020-10-01 12:00:00+00:00,368.6974718339832,2020-10-01 16:00:00+00:00,350.85858937972944,0.3388,350.999047125684,350.999047125684,,5.9962262911717685,stop,0.24378559353920584,0.09755054168290109,-6.287598969040374,-1.0485926754127997,1,599.6494369675718
2020-10-10 00:00:00+00:00,2020-10-10 04:00:00+00:00,376.44055163043066,2020-10-12 12:00:00+00:00,366.2034222468556,0.3036,356.8969128040982,359.13629700948877,,5.933448747674533,signal,0.22546671046914413,0.09020848085338651,-3.3334591913225324,-0.561808036621029,14,593.3618379985314
2020-10-12 12:00:00+00:00,2020-10-12 16:00:00+00:00,385.7242482961799,2020-10-15 12:00:00+00:00,372.0610843386769,0.2907,365.43386153395335,368.61409313679104,,5.8984154317792505,signal,0.2202881961969529,0.08812976244611877,-4.192169958643078,-0.7107281620173224,17,590.0283788072089
2020-10-22 08:00:00+00:00,2020-10-22 12:00:00+00:00,415.5061526192152,2020-10-26 12:00:00+00:00,396.16931719320746,0.2438,391.48568008560585,396.32789304931083,,5.856191203693963,stop,0.19788647954026864,0.07916880228266968,-4.912206956400951,-0.8388057673565087,24,585.8362088485659
2020-11-05 12:00:00+00:00,2020-11-05 16:00:00+00:00,414.3456824852842,2020-11-07 16:00:00+00:00,427.55825374380674,0.2186,387.77775452414494,427.7293565929779,,5.80774905230505,stop,0.18404020045967928,0.07362127411194716,2.7042278766533485,0.46562409158847207,12,580.9240018921649
2020-11-11 16:00:00+00:00,2020-11-11 20:00:00+00:00,468.67740921648556,2020-11-15 16:00:00+00:00,449.3820083799441,0.171,434.5603518901765,449.56187270729663,,5.834016802798851,stop,0.1569881604089895,0.06280377599630703,-3.456501703457562,-0.5924737312719628,23,583.6282297688183
2020-11-17 16:00:00+00:00,2020-11-17 20:00:00+00:00,483.2632415855691,2020-11-18 04:00:00+00:00,462.65791420873114,0.2225,457.19538526292604,462.8430728646598,,5.800098031788085,stop,0.21046745716423182,0.08419405373325745,-4.795152798510685,-0.8267365089745577,2,580.1717280653608
2020-11-20 08:00:00+00:00,2020-11-20 12:00:00+00:00,505.3920879919255,2020-11-22 08:00:00+00:00,513.37511517004,0.1775,472.9865483530645,513.5805717850715,,5.751983285897826,stop,0.18083117856124886,0.0723391677348681,1.2361561455540766,0.21490955103864234,11,575.3765752668501
2020-11-22 16:00:00+00:00,2020-11-22 20:00:00+00:00,573.2592205718026,2020-11-25 20:00:00+00:00,555.8869917729661,0.1108,521.225148607358,556.1094537616796,,5.7653751736604635,stop,0.12510940032780038,0.05004642770518754,-2.049952351238886,-0.3555626979150018,18,576.6127314124042
2020-12-16 12:00:00+00:00,2020-12-16 16:00:00+00:00,620.4380878439041,2020-12-20 20:00:00+00:00,621.6705648417317,0.1628,585.1603631419556,621.9193868120309,,5.74321358147722,stop,0.20221528865722152,0.0808969177522913,-0.0015680334108907346,-0.0002730236980821839,25,574.5627790611653
2020-12-27 12:00:00+00:00,2020-12-27 16:00:00+00:00,698.0191010503247,2021-01-04 08:00:00+00:00,901.5620439462969,0.0838,629.4571430339637,901.9228162496169,,5.745492081771057,stop,0.1340448999507169,0.05362138703542607,16.922853714731744,2.945414156678334,46,574.5612110277544
2021-01-07 00:00:00+00:00,2021-01-07 04:00:00+00:00,1213.6552749024374,2021-01-08 00:00:00+00:00,1070.5720890325622,0.0312,1024.4350780094267,1071.0004946887955,,5.903670143061937,stop,0.071267893754772,0.028506833430524237,-4.535463292894882,-0.7682446991427886,5,591.4840647424862
2021-01-10 00:00:00+00:00,2021-01-10 04:00:00+00:00,1311.434369768563,2021-01-11 00:00:00+00:00,1141.5064344855439,0.028,1102.3216869910036,1141.9632231351234,,5.855155117771668,stop,0.06868234251911501,0.02747243570799037,-4.826664530443654,-0.824344433812467,5,586.9486014495914
2021-01-19 04:00:00+00:00,2021-01-19 08:00:00+00:00,1375.279900006577,2021-01-20 12:00:00+00:00,1247.6252464716806,0.0324,1196.0947457928644,1248.1244996586952,,5.805598996524291,stop,0.08498212674589554,0.03399256347236669,-4.220992901276546,-0.7270555379046295,7,582.1219369191477
2021-02-02 16:00:00+00:00,2021-02-02 20:00:00+00:00,1516.8965220498742,2021-02-07 04:00:00+00:00,1625.7594220659955,0.0375,1363.0934110678093,1564.6573823294652,,5.7676166618274385,signal,0.11784959790434513,0.04714124939545457,3.9645091527002023,0.6873738989865649,26,577.9009440178712
2021-02-12 16:00:00+00:00,2021-02-12 20:00:00+00:00,1841.0961564532531,2021-02-15 00:00:00+00:00,1713.0415813527368,0.034,1670.1971469681155,1713.7271045416396,,5.810566322494679,stop,0.12084068308540366,0.048337107833305706,-4.4746962365029574,-0.7700964050922001,13,581.8654531705714
2021-02-18 00:00:00+00:00,2021-02-18 04:00:00+00:00,1893.206996230196,2021-02-20 20:00:00+00:00,1876.7283607793358,0.0368,1736.6635530760434,1877.4793769958749,,5.760798708072814,stop,0.1387336211379508,0.05549485803984571,-0.745147405729611,-0.1293479330714002,16,577.3907569340685
2021-03-07 20:00:00+00:00,2021-03-08 00:00:00+00:00,1727.150614324211,2021-03-10 00:00:00+00:00,1762.9587443717692,0.0501,1612.1621606133676,1763.6642459955422,,5.760921530913251,stop,0.17485447887066863,0.0699454089939906,1.6191328365120228,0.2810544854366988,12,576.6456095283388
2021-03-13 16:00:00+00:00,2021-03-13 20:00:00+00:00,1927.6707952200775,2021-03-15 04:00:00+00:00,1823.746329209588,0.0523,1817.2864579174284,1824.4761661446241,,5.773100840928547,stop,0.1961991156076715,0.07848306171243123,-5.631448687956265,-0.9754634195945383,8,578.2647423648508
2021-03-20 12:00:00+00:00,2021-03-20 16:00:00+00:00,1856.1322168790427,2021-03-21 00:00:00+00:00,1778.5772417232436,0.0727,1777.4327159790114,1779.2890348785425,,5.721453715432277,stop,0.2642433776403862,0.10570652949662968,-5.9024900714669855,-1.0316416709876381,2,572.6332936768945
2021-03-29 08:00:00+00:00,2021-03-29 12:00:00+00:00,1765.0057663444206,2021-03-31 08:00:00+00:00,1787.6695827505966,0.0809,1694.9552947274337,1788.3850067847457,,5.6670831538142465,stop,0.28741143574178696,0.11497430162628795,1.5460913115178698,0.2728195915878292,11,566.7308036054276
2021-03-31 16:00:00+00:00,2021-03-31 20:00:00+00:00,1901.39028970683,2021-04-03 16:00:00+00:00,2031.8411938830272,0.067,1816.649280257881,2032.6543119455198,,5.677647633079573,stop,0.26352650940052047,0.1054183205445961,8.476684070404701,1.4929922774737119,17,568.2768949169455
2021-04-10 00:00:00+00:00,2021-04-10 04:00:00+00:00,2145.2578033616674,2021-04-16 04:00:00+00:00,2388.721535430114,0.0571,2044.3708245638886,2389.677451913887,,5.760646489353159,stop,0.2588902202450107,0.10356340317465673,13.642888880863282,2.368291285722549,36,576.7535789873502
2021-04-21 12:00:00+00:00,2021-04-21 16:00:00+00:00,2443.767127889049,2021-04-22 20:00:00+00:00,2401.02558036677,0.0293,2242.8152573344623,2401.986382757222,,5.887889807249392,stop,0.1419524263518955,0.05678135718937815,-1.3942797687546573,-0.23680466421738522,7,590.3964678682134
2021-04-26 20:00:00+00:00,2021-04-27 00:00:00+00:00,2533.072847084679,2021-05-04 00:00:00+00:00,3245.4378399322736,0.027,2315.127378953909,3246.7365516403047,,5.884527639530788,stop,0.1560197885494577,0.06241208740317006,19.07783501833559,3.242033377526423,42,589.0021880994587
2021-05-04 08:00:00+00:00,2021-05-04 12:00:00+00:00,3481.4020227253855,2021-05-04 16:00:00+00:00,3227.068648113206,0.0258,3246.0864046327283,3246.0864046327283,,6.07114294679055,stop,0.17307854330763567,0.06923106499422466,-6.734879608301867,-1.109326475645281,1,608.0800231177943
2021-05-06 12:00:00+00:00,2021-05-06 16:00:00+00:00,3552.6805267735726,2021-05-10 20:00:00+00:00,3880.1013942271566,0.022,3280.0891866801617,3881.654072311819,,5.997009482055041,stop,0.16352120226201605,0.06541050688117048,7.039737881716832,1.1738747291932699,25,601.3451435094925
2021-05-12 00:00:00+00:00,2021-05-12 04:00:00+00:00,4333.852869987812,2021-05-12 16:00:00+00:00,4015.5158432750322,0.0185,4005.675534980649,4017.1227060397428,,6.07128069763251,stop,0.1544633211953626,0.061785055921660614,-6.043698315381775,-0.9954569087439014,3,608.3848813912093
2021-06-02 12:00:00+00:00,2021-06-02 16:00:00+00:00,2792.186442306033,2021-06-04 04:00:00+00:00,2645.6571483090356,0.0247,2549.0581298763223,2646.7158471907514,,6.005269317013849,stop,0.13431473668819222,0.05372598733738851,-3.75358829841403,-0.625049119409106,9,602.3411830758275
2021-06-14 12:00:00+00:00,2021-06-14 16:00:00+00:00,2577.69069189647,2021-06-16 08:00:00+00:00,2482.083395841357,0.0383,2421.6646685578344,2483.0766923992514,,5.975796693869748,stop,0.19378934756035876,0.07751875780217284,-3.8555487864711893,-0.645194102809152,10,598.5875947774134
2021-06-29 08:00:00+00:00,2021-06-29 12:00:00+00:00,2177.2905934594223,2021-07-01 08:00:00+00:00,2113.5812479919487,0.0366,2014.9490473733258,2114.4270437568985,,5.9417005867511286,stop,0.15704590939712018,0.06281984561201708,-2.488807953506665,-0.41887131759150525,11,594.7320459909422
2021-07-04 04:00:00+00:00,2021-07-04 08:00:00+00:00,2335.4038197070818,2021-07-05 08:00:00+00:00,2232.13508184141,0.0434,2199.1046387809192,2233.028338012107,,5.915384452195459,stop,0.19823118832720454,0.07929509309560653,-4.680094411697368,-0.7911733293954173,6,592.2432380374355
2021-07-23 00:00:00+00:00,2021-07-23 04:00:00+00:00,2060.7340079336773,2021-07-26 20:00:00+00:00,2234.4650448039974,0.0507,1944.9910230970547,2235.3592156096324,,5.868169331216763,stop,0.21776659197380013,0.08711166208313903,8.590396977351432,1.4638972552569842,22,587.5631436257381
2021-07-30 20:00:00+00:00,2021-07-31 00:00:00+00:00,2462.754737512032,2021-08-02 00:00:00+00:00,2522.9380621263676,0.0462,2333.788979580521,2523.9476679997815,,5.958218016435815,stop,0.23033900734329407,0.09213866440760393,2.550130589838986,0.4280022286536714,12,596.1535406030896
2021-08-06 16:00:00+00:00,2021-08-06 20:00:00+00:00,2930.321678716541,2021-08-08 16:00:00+00:00,2966.2384071655674,0.0326,2746.6913463287624,2967.4254048790062,,5.986348835841589,stop,0.19222785879975673,0.07689285161734223,0.978657488638504,0.16348153364853482,11,598.7036711929286
2021-08-13 20:00:00+00:00,2021-08-14 00:00:00+00:00,3323.658965933395,2021-08-15 04:00:00+00:00,3154.8073902521496,0.0311,3131.3988725536024,3156.069893921907,,5.979288904111549,stop,0.20148030367737044,0.08059470465803625,-5.452764307364106,-0.911941937378977,7,599.682328681567
2021-08-23 00:00:00+00:00,2021-08-23 04:00:00+00:00,3341.556128119124,2021-08-24 12:00:00+00:00,3210.9229972864723,0.0392,3190.063788354504,3212.2079821440207,,5.938499718773099,stop,0.2568571817158994,0.10274762868556281,-5.377675910355833,-0.9055613648268165,8,594.2295643742029
2021-08-30 16:00:00+00:00,2021-08-30 20:00:00+00:00,3342.5065060133998,2021-08-31 00:00:00+00:00,3213.333711348822,0.046,3214.619610655661,3214.619610655661,,5.882797186455995,stop,0.30156864999866223,0.1206306447309762,-6.24351720456923,-1.061317772257001,1,588.8518884638471
2021-08-31 04:00:00+00:00,2021-08-31 08:00:00+00:00,3359.453286335672,2021-09-07 08:00:00+00:00,3827.027790326201,0.039,3210.0727509490275,3828.559317081825,,5.825840880079136,stop,0.2802727619898131,0.1121177105605575,17.95513289364081,3.0819813419615594,42,582.6083712592779
2021-09-15 12:00:00+00:00,2021-09-15 16:00:00+00:00,3499.4692810849456,2021-09-17 08:00:00+00:00,3450.5200316661862,0.0318,3311.084489197433,3451.9008870302487,,5.9906363820229025,stop,0.221009660145486,0.08840833907844936,-1.777595791662037,-0.2967290415082384,10,600.5635041529188
2021-10-01 08:00:00+00:00,2021-10-01 12:00:00+00:00,3236.7742165718287,2021-10-04 08:00:00+00:00,3303.041865576937,0.0309,3043.0619955757643,3304.36371382292,,5.9857076287783935,stop,0.20208031693839687,0.08083640287037683,1.845590037319468,0.30833280737705016,17,598.7859083612567
2021-10-05 16:00:00+00:00,2021-10-05 20:00:00+00:00,3491.9363202866252,2021-10-06 08:00:00+00:00,3357.5850099867266,0.0364,3327.1189652390553,3358.928677463735,,5.999351723731548,stop,0.24932257642195005,0.09973555459625968,-5.139710271338259,-0.8567109427852316,3,600.6314983985762
2021-10-06 12:00:00+00:00,2021-10-06 16:00:00+00:00,3614.455228459907,2021-10-10 00:00:00+00:00,3482.2202561771114,0.0317,3427.010924844454,3483.6137855160355,,5.9419844246098625,stop,0.22496461286299352,0.08998862222294306,-4.416813234227618,-0.7433229235564036,20,595.491788127238
2021-10-14 00:00:00+00:00,2021-10-14 04:00:00+00:00,3644.4572846937685,2021-10-17 12:00:00+00:00,3804.143929179906,0.036,3480.7181256556837,3805.666373673594,,5.894609725371061,stop,0.26814964369945227,0.10727025074843549,5.480569557801459,0.9297595283047279,20,591.0749748930104
2021-10-20 12:00:00+00:00,2021-10-20 16:00:00+00:00,4082.6324296134494,2021-10-21 12:00:00+00:00,4014.30535125343,0.0338,3906.654847649266,4015.911746407324,,5.948042270389406,stop,0.27367649699330054,0.10947227713619258,-2.5831317455619285,-0.43428268128175496,5,596.5555444508119
2021-10-25 12:00:00+00:00,2021-10-25 16:00:00+00:00,4211.794152102471,2021-10-27 08:00:00+00:00,4071.117476630798,0.0343,4038.6729001999865,4072.7466133481785,,5.938058940255234,stop,0.28410386886555117,0.11364580652092376,-5.109313837543965,-0.8604350157097552,10,593.97241270525
2021-10-29 00:00:00+00:00,2021-10-29 04:00:00+00:00,4381.5919790967255,2021-10-30 12:00:00+00:00,4242.4015595667715,0.0276,4168.665617920469,4244.099302263349,,5.876767568464659,stop,0.2380222216671125,0.09521232149516472,-4.079677800693858,-0.6942043824543666,8,588.8630988677061
2021-11-02 12:00:00+00:00,2021-11-02 16:00:00+00:00,4513.2346363256065,2021-11-04 16:00:00+00:00,4433.017470827475,0.0294,4314.963580458933,4434.791461626026,,5.829169042480188,stop,0.2630198119503006,0.10521163745021021,-2.6214044775953766,-0.44970465918758545,12,584.7834210670122
2021-11-08 00:00:00+00:00,2021-11-08 04:00:00+00:00,4722.398291776743,2021-11-10 20:00:00+00:00,4688.495794416616,0.0374,4567.128655428094,4690.372043112664,,5.807084399439443,stop,0.35196743882363163,0.14079381368234717,-1.6199208400923624,-0.2789559663105177,16,582.1620165894169
2021-11-20 16:00:00+00:00,2021-11-20 20:00:00+00:00,4400.139404025129,2021-11-22 00:00:00+00:00,4219.403860991948,0.0268,4183.5203695043765,4221.092370358493,,5.805390125156155,stop,0.23100375950245766,0.09240407889685959,-5.074716312791708,-0.8741387233911703,7,580.5420957493245
2021-11-25 08:00:00+00:00,2021-11-25 12:00:00+00:00,4389.125018605026,2021-11-26 04:00:00+00:00,4313.727631477293,0.0264,4171.889006738031,4315.453885542352,,5.735030713288668,stop,0.2297553099621732,0.09190559849023774,-2.220246330134316,-0.3871376529841021,4,575.4673794365328
2021-11-30 08:00:00+00:00,2021-11-30 12:00:00+00:00,4592.30623587319,2021-12-01 20:00:00+00:00,4525.415149519,0.0252,4365.4146984885365,4527.226121724053,,5.717666742093272,stop,0.2297665789118832,0.09190964357172961,-1.9154219550375018,-0.33500062900417565,8,573.2471331063986
2021-12-07 08:00:00+00:00,2021-12-07 12:00:00+00:00,4410.183425015611,2021-12-09 12:00:00+00:00,4194.193909663257,0.0204,4130.5413866306635,4195.872317122889,,5.704697583052931,stop,0.1755292976274489,0.0702133824949622,-4.5817154108154625,-0.8031478170598323,12,571.3317111513611
2021-12-23 16:00:00+00:00,2021-12-23 20:00:00+00:00,4135.293506769182,2021-12-28 00:00:00+00:00,4008.1135681651517,0.0331,3964.3772735378893,4009.7176312191905,,5.657327319955806,stop,0.26954677418032646,0.10782556114860913,-4.479202741973751,-0.7917524457483116,25,566.7499957405456
2022-02-01 00:00:00+00:00,2022-02-01 04:00:00+00:00,2752.73072514074,2022-02-02 16:00:00+00:00,2649.34807377733,0.0358,2596.106568579287,2650.4082716648963,,5.607144804900018,stop,0.19339442100126691,0.0773610444133752,-3.894493339811362,-0.6945590804803204,9,562.2707929985718
2022-02-04 08:00:00+00:00,2022-02-04 12:00:00+00:00,2829.4613776721094,2022-02-08 12:00:00+00:00,3039.0577124186116,0.0352,2671.110022084766,3040.2738681035203,,5.573967716674491,stop,0.20657187197119342,0.0826331741670394,7.171219111105685,1.2865555517397467,24,558.3762996587604
2022-02-09 16:00:00+00:00,2022-02-09 20:00:00+00:00,3248.238860360559,2022-02-10 12:00:00+00:00,3107.0782407509746,0.0384,3101.2857210100283,3108.3216373348705,,5.643000551060374,stop,0.2440441766826829,0.09762266666707001,-5.664611969690711,-1.0038297743256954,4,565.5475187698661
2022-02-15 04:00:00+00:00,2022-02-15 08:00:00+00:00,3050.6598898942148,2022-02-17 08:00:00+00:00,3039.697869459589,0.0362,2896.2698315242883,3040.914327392662,,5.588920112991334,stop,0.22047095088860774,0.0881957913478108,-0.6172960906220482,-0.11044997569157512,12,559.8829068001754
2022-02-28 20:00:00+00:00,2022-03-01 00:00:00+00:00,2921.9983607729555,2022-03-03 12:00:00+00:00,2843.313818165757,0.0263,2709.434961444671,2844.4516593879143,,5.590417402333886,stop,0.15162771030608813,0.060653112471473015,-2.221031180875414,-0.3972925492018143,15,559.2656107095534
2022-03-09 04:00:00+00:00,2022-03-09 08:00:00+00:00,2746.0880436241687,2022-03-10 04:00:00+00:00,2609.673318522554,0.0359,2591.320800044393,2610.717655042639,,5.556144044513944,stop,0.19227183290106736,0.07691144717871216,-5.089560464049043,-0.9160238509428856,5,557.0445795286779
2022-03-15 16:00:00+00:00,2022-03-15 20:00:00+00:00,2660.493820232011,2022-03-20 12:00:00+00:00,2861.6830499304465,0.048,2545.599937521337,2862.828317229024,,5.514906370112364,stop,0.26506448976779795,0.10603620146824688,9.392018535757103,1.7030241141819684,28,551.9550190646288
2022-03-22 00:00:00+00:00,2022-03-22 04:00:00+00:00,3008.1128093277357,2022-03-29 20:00:00+00:00,3342.6758562636473,0.0459,2886.070086326184,3344.013538375609,,5.601760985771216,stop,0.2915011997506445,0.11660855708212395,15.064942654607734,2.6893226420894294,46,561.3470376003859
2022-04-20 08:00:00+00:00,2022-04-20 12:00:00+00:00,3154.0412215497704,2022-04-20 16:00:00+00:00,3049.4807220409157,0.0557,3050.701065727119,3050.701065727119,,5.756046679321688,stop,0.34553617225800126,0.1382231836437211,-6.169555994901202,-1.071839117821095,1,576.4119802549936
2022-05-04 16:00:00+00:00,2022-05-04 20:00:00+00:00,2956.882316200619,2022-05-05 12:00:00+00:00,2854.2757462550344,0.0486,2839.665815075489,2855.4180646440327,,5.69672195468131,stop,0.2824222818353448,0.11297724105540027,-5.269101581190739,-0.924935712697164,4,570.2424242600924
2022-05-30 20:00:00+00:00,2022-05-31 00:00:00+00:00,1999.5795405052986,2022-06-01 12:00:00+00:00,1911.0466626310324,0.058,1902.264204613175,1911.811449679475,,5.644289481743163,stop,0.22681631978190722,0.09073099811698512,-5.36172323648934,-0.9499376766255871,9,564.9733226789017
2022-06-06 08:00:00+00:00,2022-06-06 12:00:00+00:00,1910.3038780047204,2022-06-07 00:00:00+00:00,1838.2697218674382,0.0784,1839.0054351672222,1839.0054351672222,,5.589797918459865,stop,0.29388817022997726,0.11756795827315436,-5.941366011392887,-1.0628945979911002,3,559.6115994424124
2022-06-26 08:00:00+00:00,2022-06-26 12:00:00+00:00,1270.227915520222,2022-06-27 12:00:00+00:00,1194.319551703634,0.072,1193.3446797249367,1194.7975141886823,,5.535592977260541,stop,0.17744741764011768,0.07098321637945809,-5.6428496124344605,-1.0193758167579363,6,553.6702334310195
2022-07-06 20:00:00+00:00,2022-07-07 00:00:00+00:00,1187.0446500198439,2022-07-10 00:00:00+00:00,1198.0543637067256,0.0744,1113.3962310585384,1198.5338232155923,,5.47944237072112,stop,0.17745136662125674,0.0709857489360731,0.6416713316827298,0.11710522499724418,18,548.027383818585
2022-07-14 16:00:00+00:00,2022-07-14 20:00:00+00:00,1194.5276289214132,2022-07-21 04:00:00+00:00,1478.8679537010548,0.072,1118.341957055433,1479.4597637922816,,5.485368374350569,stop,0.1924844819488177,0.07699960891008231,20.280018902185375,3.697111573584408,38,548.6690551502677
2022-07-22 08:00:00+00:00,2022-07-22 12:00:00+00:00,1639.7356454476621,2022-07-22 16:00:00+00:00,1525.098821786553,0.0498,1525.7091180192044,1525.7091180192044,,5.678521065937199,stop,0.1576087564682639,0.06304389567962448,-5.866522574791503,-1.0331074775758142,1,568.949074052453
2022-07-28 12:00:00+00:00,2022-07-28 16:00:00+00:00,1729.0113352668684,2022-08-01 12:00:00+00:00,1640.1427403917442,0.0433,1599.0097245907994,1640.7990909797893,,5.629069742273791,stop,0.14588437147601793,0.05835479751775917,-3.9938945295689052,-0.7095123550477849,23,563.0825514776616
2022-08-05 08:00:00+00:00,2022-08-05 12:00:00+00:00,1714.1154067568386,2022-08-09 08:00:00+00:00,1717.2777384017243,0.0606,1621.967404614791,1717.964994690296,,5.584168929808089,stop,0.20794242459660894,0.08318338055186195,-0.016305126916549284,-0.0029198842516230325,23,559.0886569480926
2022-08-10 12:00:00+00:00,2022-08-10 16:00:00+00:00,1838.2250052843244,2022-08-14 16:00:00+00:00,1937.7043139027157,0.0615,1747.4278783184407,1938.479776561021,,5.584023308401846,stop,0.23221965313000298,0.0928937784717267,5.88575782690107,1.0540353257561135,24,559.0723518211761
2022-08-25 04:00:00+00:00,2022-08-25 08:00:00+00:00,1709.603610638145,2022-08-26 08:00:00+00:00,1634.034727021804,0.0663,1624.4182890697446,1634.68864814308,,5.647786819984956,stop,0.22168322178685465,0.08867835564960741,-5.231900205550261,-0.9263629050297966,6,564.9581096480772
2022-09-02 12:00:00+00:00,2022-09-02 16:00:00+00:00,1636.984545569481,2022-09-03 04:00:00+00:00,1541.0761724686806,0.0587,1541.6929173552085,1541.6929173552085,,5.593618576177801,stop,0.18655216414884013,0.07462474976772569,-5.816373665165813,-1.0398230744471362,3,559.726209442527
2022-09-06 00:00:00+00:00,2022-09-06 04:00:00+00:00,1641.0261795431768,2022-09-06 16:00:00+00:00,1597.075381408979,0.0786,1570.605834367963,1597.7144982928005,,5.535039130771793,stop,0.2545147826908395,0.101810299162078,-3.709047516038808,-0.67010321488398,3,553.9098357773612
2022-09-09 04:00:00+00:00,2022-09-09 08:00:00+00:00,1705.6119939854395,2022-09-12 12:00:00+00:00,1702.5854469821707,0.0614,1616.0532710455414,1703.2668018844483,,5.4989055885097455,stop,0.20926332287541127,0.08370962170583399,-0.3950933088761275,-0.07184944395148297,19,550.2007882613224
2022-10-23 20:00:00+00:00,2022-10-24 00:00:00+00:00,1364.7357342838736,2022-10-24 12:00:00+00:00,1330.6570091282917,0.1638,1331.1896045195388,1331.1896045195388,,5.494856055398034,stop,0.44150533137091275,0.1766304007847519,-6.023600511855221,-1.096225351697386,3,549.8056949524463
2022-10-25 12:00:00+00:00,2022-10-25 16:00:00+00:00,1408.8533445951894,2022-10-28 00:00:00+00:00,1496.2381589709,0.1286,1366.5735202255366,1496.8369355782916,,5.437185413937332,stop,0.3735947673585991,0.1494487866519063,10.86409236135782,1.9981095979382095,14,543.7820944405911
2022-10-29 08:00:00+00:00,2022-10-29 12:00:00+00:00,1616.0561857273244,2022-10-31 00:00:00+00:00,1564.8546884725367,0.0713,1538.3624466073331,1565.480968423599,,5.539563599255383,stop,0.2267989453304501,0.09072680286896831,-3.8774656995968257,-0.6999586935183896,9,554.6461868019489
2022-11-04 12:00:00+00:00,2022-11-04 16:00:00+00:00,1625.6200037106776,2022-11-06 20:00:00+00:00,1595.1231953353583,0.0711,1548.2178103880785,1595.7615694571828,,5.503295945236786,stop,0.22899484145217316,0.0916036638908897,-2.397317916937382,-0.43561493708371424,13,550.7687211023522
2022-11-30 16:00:00+00:00,2022-11-30 20:00:00+00:00,1287.714913293076,2022-12-03 20:00:00+00:00,1258.3210183022306,0.1171,1240.8959881840447,1258.8247672998748,,5.482496130267577,stop,0.29814080758981043,0.1192853542433305,-3.740165911017783,-0.6822012860837608,18,548.3714031854148
2022-12-13 08:00:00+00:00,2022-12-13 12:00:00+00:00,1287.4348566625329,2022-12-14 16:00:00+00:00,1303.4808823003832,0.1742,1256.1731114293423,1304.0025796236264,,5.445796019621797,stop,0.45133752172734,0.18056770432217595,2.3438801443861905,0.4304017513584671,7,544.631237274397
2023-01-04 00:00:00+00:00,2023-01-04 04:00:00+00:00,1251.2304050060327,2023-01-12 12:00:00+00:00,1366.4691165553547,0.2495,1229.3083203253175,1367.0161276720034,,5.469560127838469,stop,0.6531160306295662,0.2613303226090087,28.09894250092634,5.137331310777791,50,546.9751174187832
2023-01-12 16:00:00+00:00,2023-01-12 20:00:00+00:00,1426.4303974619322,2023-01-18 12:00:00+00:00,1533.2649222987855,0.1332,1383.2596606076904,1533.8786724658482,,5.7503421489850135,stop,0.3942314165921277,0.15772846418214814,13.836127291676718,2.4061398318913803,34,575.0740599197095
2023-01-20 20:00:00+00:00,2023-01-21 00:00:00+00:00,1659.1934607243911,2023-01-23 12:00:00+00:00,1610.3395188819998,0.0965,1598.1971696029789,1610.9840957888696,,5.886142093216286,stop,0.31550993253201676,0.12622563141668253,-5.0299153203228,-0.8545351506413211,15,588.9101872113863
2023-01-29 16:00:00+00:00,2023-01-29 20:00:00+00:00,1654.5216051673046,2023-01-30 08:00:00+00:00,1598.7492925705042,0.1013,1596.9167905050547,1599.3892209136432,,5.835367725285923,stop,0.32955634194084005,0.1318453446079501,-5.979291607996743,-1.024664063943591,3,583.8802718910636
2023-02-02 00:00:00+00:00,2023-02-02 04:00:00+00:00,1671.7985031671012,2023-02-05 16:00:00+00:00,1630.8294674172434,0.0934,1609.9248280205727,1631.4821238350128,,5.77900125868577,stop,0.3084654524525778,0.12339630522689808,-4.134973391489325,-0.7155169563727831,21,577.9009802830668
2023-02-15 08:00:00+00:00,2023-02-15 12:00:00+00:00,1572.889025930726,2023-02-16 20:00:00+00:00,1660.8306494410867,0.112,1521.6930521102045,1661.4952999669897,,5.733949067898387,stop,0.36217660364164306,0.1448917631424338,9.487285229518761,1.6545813569627765,8,573.7660068915775
2023-03-13 12:00:00+00:00,2023-03-13 16:00:00+00:00,1665.355884900462,2023-03-15 12:00:00+00:00,1636.4114565564118,0.045,1535.8575075840076,1637.0663082138851,,5.827426979240436,stop,0.14857953036555932,0.05943314510707978,-1.4510788058478141,-0.24900849225861119,11,583.2532921210963
2023-03-17 20:00:00+00:00,2023-03-18 00:00:00+00:00,1789.9757275062052,2023-03-22 20:00:00+00:00,1716.1532550351453,0.0432,1655.4179746881482,1707.8732374154642,,5.812894921740061,signal,0.15146477204578637,0.06058681074978377,-3.3405955827955722,-0.5746870755055007,29,581.8022133152484
2023-04-04 08:00:00+00:00,2023-04-04 12:00:00+00:00,1865.64599057391,2023-04-08 16:00:00+00:00,1849.4642682865888,0.0672,1779.5700432618485,1850.2045715713095,,5.784303659370533,stop,0.24965540939542552,0.09987894729998223,-1.3370671471034257,-0.2311543836287685,25,578.4616177324529
2023-04-13 08:00:00+00:00,2023-04-13 12:00:00+00:00,1986.184182772027,2023-04-19 08:00:00+00:00,2031.9979057364706,0.0674,1900.6558819480074,2032.8111336310408,,5.76460747553892,stop,0.27082547276547275,0.10833947892864867,2.8170194550380074,0.48867498212003596,35,577.1245505853494
2023-05-05 16:00:00+00:00,2023-05-05 20:00:00+00:00,1991.7664305120882,2023-05-06 12:00:00+00:00,1910.7905799416317,0.0681,1906.6713304749194,1911.5552642512002,,5.794976312531199,stop,0.26576413241189834,0.10631191935482137,-5.780219556259993,-0.9974535260412893,4,579.9415700403874
2023-05-23 00:00:00+00:00,2023-05-23 04:00:00+00:00,1866.7564683311284,2023-05-24 00:00:00+00:00,1816.869256712602,0.115,1816.8323182117101,1817.5967022105947,,5.7412772637330916,stop,0.42361695838002905,0.16950009034892674,-6.160646294510599,-1.07304455289533,5,574.1613504841274
2023-05-28 20:00:00+00:00,2023-05-29 00:00:00+00:00,1909.4035239821276,2023-05-31 12:00:00+00:00,1856.256077136271,0.0959,1850.2047891312538,1856.9991090404942,,5.677158672198799,stop,0.36112675574725445,0.14447870950103453,-5.457966908264893,-0.9613905869837153,15,568.0007041896168
2023-06-20 20:00:00+00:00,2023-06-21 00:00:00+00:00,1792.7069122600824,2023-06-26 16:00:00+00:00,1841.6315357995807,0.0837,1725.5448606843433,1842.3685628788453,,5.621463716889358,stop,0.3041941281025938,0.12169472270334526,3.7907968621533996,0.6743433833370075,34,562.542737281352
2023-07-03 04:00:00+00:00,2023-07-03 08:00:00+00:00,1967.6168520194155,2023-07-05 08:00:00+00:00,1905.9724290832514,0.072,1889.0122667835117,1906.7353956541867,,5.65953013698508,stop,0.27889842823939204,0.1115869385052665,-4.717296879643214,-0.8335138722586946,12,566.3335341435054
2023-07-13 16:00:00+00:00,2023-07-13 20:00:00+00:00,1996.058130583004,2023-07-14 16:00:00+00:00,1934.6613631125815,0.0779,1924.0249737089043,1935.4356682943583,,5.611382920492366,stop,0.30620304855888614,0.12249274607641816,-5.089011234504767,-0.906908565430469,5,561.6162372638622
2023-09-29 04:00:00+00:00,2023-09-29 08:00:00+00:00,1686.8645985077221,2023-10-02 16:00:00+00:00,1674.542950242432,0.098,1630.1314825115771,1675.213131552432,,5.559845367622215,stop,0.3294179397775151,0.13178842213677128,-1.536939469775973,-0.2764356503017777,20,556.5272260293575
2023-10-22 20:00:00+00:00,2023-10-23 00:00:00+00:00,1664.3556000766255,2023-10-27 16:00:00+00:00,1745.4621969004725,0.1026,1610.2860697575213,1746.1607769848579,,5.547533810740095,stop,0.34984730596985025,0.13996488451971176,7.971689528156844,1.4369789892444735,28,554.9902865595816
2023-11-05 00:00:00+00:00,2023-11-05 04:00:00+00:00,1889.345554287139,2023-11-12 00:00:00+00:00,2014.7995950109282,0.0756,1814.9750200899687,2015.605962778941,,5.622412385306089,stop,0.2951533732869339,0.11808130736948015,9.189172105431538,1.634382445771322,41,562.9619760877384
2023-12-02 16:00:00+00:00,2023-12-02 20:00:00+00:00,2159.6235513250417,2023-12-11 00:00:00+00:00,2289.6469562159123,0.0711,2079.1676585992923,2290.5633769991573,,5.720413972800789,stop,0.3163431330861618,0.1265560168991722,8.928320954654708,1.5607823135015675,49,572.15114819317
2023-12-27 20:00:00+00:00,2023-12-28 00:00:00+00:00,2379.3014211916197,2023-12-29 16:00:00+00:00,2295.1107531658495,0.0525,2268.7082892291487,2296.0292346062765,,5.806139428029738,stop,0.24540663915376715,0.09816988818246158,-4.665416710506705,-0.8035316354932718,10,581.0794691478247
2024-01-10 12:00:00+00:00,2024-01-10 16:00:00+00:00,2450.279741825132,2024-01-12 20:00:00+00:00,2468.7621235897777,0.0364,2291.943056514103,2469.7500442702317,,5.763455345321467,stop,0.17905312390110273,0.07162291520332492,0.4937055723320043,0.0856613858790064,13,576.414052437318
2024-02-08 12:00:00+00:00,2024-02-08 16:00:00+00:00,2454.8616418220395,2024-02-23 12:00:00+00:00,2914.9034232335002,0.0697,2372.0937958283616,2855.1052143451225,,5.76891886575933,end,0.3742726250343711,0.14973083562118877,31.69063953934446,5.4933411747979575,89,576.90775800965
2024-02-25 16:00:00+00:00,2024-02-25 20:00:00+00:00,3082.8327501729627,2024-02-28 16:00:00+00:00,3175.070847832685,0.0437,2943.6173880128745,3176.3414237346406,,6.083711326395847,stop,0.2734703872328469,0.10939534947392873,3.7573344804970077,0.6176056487418763,17,608.5983975489944
2024-02-29 08:00:00+00:00,2024-02-29 12:00:00+00:00,3515.285583574985,2024-03-05 16:00:00+00:00,3565.9849889567026,0.025,3270.6053741620653,3567.411971867141,,6.117005235322994,stop,0.1770317643132922,0.07081416213558214,1.0904533702296533,0.1782658880088525,31,612.3557320294914
2024-03-06 08:00:00+00:00,2024-03-06 12:00:00+00:00,3881.2919117015153,2024-03-11 00:00:00+00:00,3738.3693159294144,0.016,3500.2578370050837,3739.865302593803,,6.096545195142908,stop,0.12191457964209487,0.0487663738544652,-2.4086761119957174,-0.39508869940219576,27,613.4461853997211
2024-03-11 04:00:00+00:00,2024-03-11 08:00:00+00:00,4003.0005900488272,2024-03-12 16:00:00+00:00,3827.88027422166,0.0234,3742.6084981386907,3829.412068193754,,6.093174950697199,stop,0.1832426122239294,0.07329778608955394,-4.281058002579655,-0.7025988974910041,8,611.0375092877254
2024-04-08 16:00:00+00:00,2024-04-08 20:00:00+00:00,3704.2811955629436,2024-04-09 12:00:00+00:00,3510.36983792306,0.0311,3509.6253006875754,3511.774611051341,,6.05379833062395,stop,0.22437564714141472,0.08975362629707284,-6.255018869741804,-1.0332387251983524,4,606.7564512851457
2024-05-20 16:00:00+00:00,2024-05-20 20:00:00+00:00,3440.2355646113706,2024-05-23 20:00:00+00:00,3652.706431480695,0.032,3252.932149541419,3654.1681349997484,,5.993709282238448,stop,0.22697414387494613,0.09079258017356916,6.572093595943443,1.0964985598182013,18,600.5014324154039
2024-05-27 12:00:00+00:00,2024-05-27 16:00:00+00:00,3964.97542256788,2024-05-29 12:00:00+00:00,3752.430514359639,0.0269,3739.8330492573505,3753.9321649312183,,6.05632984205324,stop,0.20759821970335027,0.08304226745145611,-5.925056250505037,-0.9783245637255948,11,607.0735260113473
2024-07-19 16:00:00+00:00,2024-07-19 20:00:00+00:00,3524.3892653717235,2024-07-23 16:00:00+00:00,3394.333818511332,0.034,3347.736965031292,3395.69214052631,,6.006178211574671,stop,0.23523658485202392,0.09409797114785125,-4.657121778105335,-0.7753885439380516,23,601.1484697608423
2022-09-12 08:00:00+00:00,2022-09-12 12:00:00+00:00,37.71508150532891,2022-09-13 12:00:00+00:00,35.50894522426141,1.605,34.60107580245993,35.5231597654013,,4.997979153104716,stop,0.11752456290099247,0.047020154582425276,-3.658373294014332,-0.7319704988648805,6,500.0
2022-10-29 00:00:00+00:00,2022-10-29 04:00:00+00:00,32.913167479522194,2022-11-02 04:00:00+00:00,31.85540909434081,2.038,30.478875378931928,31.86816719001859,,4.961087301002965,stop,0.1319983590575328,0.0528363222575467,-2.2877099480571985,-0.46113075808899806,24,496.3416267059857
2022-11-05 00:00:00+00:00,2022-11-05 04:00:00+00:00,34.703880182085456,2022-11-06 16:00:00+00:00,33.84456550470924,1.765,31.90549738820591,33.858113338865394,,4.939145631197403,stop,0.12098800663719264,0.04841044866644999,-1.6376784122062134,-0.33157119358094106,9,494.0539167579285
2023-01-03 12:00:00+00:00,2023-01-03 16:00:00+00:00,13.095236463712869,2023-01-08 00:00:00+00:00,12.856662664921581,3.12,11.517021759423946,12.861814320630444,,4.924029877381442,stop,0.08096992528133949,0.032410932595803535,-0.8253201775101502,-0.16761071684419765,26,492.4162383457223
2023-01-08 20:00:00+00:00,2023-01-09 00:00:00+00:00,14.465785347131785,2023-01-11 12:00:00+00:00,15.302017300311054,3.502,13.062399685637798,15.308145873766819,,4.914656586551941,stop,0.10424684487134482,0.04172254989759709,2.8242374551624465,0.5746561138962294,15,491.59091816821217
2023-01-13 20:00:00+00:00,2023-01-14 00:00:00+00:00,18.29731654485301,2023-01-18 12:00:00+00:00,21.163108868494337,2.354,16.197062753682413,21.17157997063643,,4.943997424415584,stop,0.09288984142301968,0.03716412102647518,6.653185288428659,1.345709699518121,27,494.41515562337463
2023-01-20 20:00:00+00:00,2023-01-21 00:00:00+00:00,25.5202044168296,2023-01-24 20:00:00+00:00,23.144039136385956,1.543,22.274914109098564,23.153304194434398,,5.007482944828987,stop,0.0750889278026116,0.030041399736815657,-3.7415119555271517,-0.7471841635308715,23,501.06834091180326
2023-02-20 00:00:00+00:00,2023-02-20 04:00:00+00:00,26.170464974981016,2023-02-22 00:00:00+00:00,24.05709163936942,1.905,23.560485329464107,24.066720879173396,,4.97201122470971,stop,0.0956834953503376,0.03827947916540609,-4.121659699690426,-0.8289723239575084,11,497.32682895627613
2023-03-20 04:00:00+00:00,2023-03-20 08:00:00+00:00,23.10924141059039,2023-03-22 20:00:00+00:00,21.091559525715347,1.812,20.388301367095966,20.858822669105912,,4.930343358811896,signal,0.08009185129658601,0.03203957539357644,-3.7361314266901644,-0.7577832119973261,15,493.2051692565857
2023-04-11 04:00:00+00:00,2023-04-11 08:00:00+00:00,22.478990129488345,2023-04-19 08:00:00+00:00,23.943011938469937,4.044,21.268765392198453,23.952600663880805,,4.894148837600317,stop,0.18773057636282325,0.07513288921242259,5.732773619158735,1.1713525291906755,48,489.46903782989557
2023-06-04 04:00:00+00:00,2023-06-04 08:00:00+00:00,21.61865613898561,2023-06-05 12:00:00+00:00,21.217883942425406,5.226,20.67115462632019,21.226388183919124,,4.95164290518948,stop,0.22386375846545398,0.08968014838497101,-2.318299257689091,-0.46818789280209183,7,495.2018114490543
2023-06-29 08:00:00+00:00,2023-06-29 12:00:00+00:00,18.067224805026687,2023-06-30 12:00:00+00:00,17.130370682802607,2.964,16.404659667195936,17.137228170451976,,4.927843068530345,stop,0.10432567302592602,0.0417399154918352,-2.881161291298099,-0.584669854788489,6,492.8835121913652
2023-07-06 16:00:00+00:00,2023-07-06 20:00:00+00:00,20.9183650777424,2023-07-18 08:00:00+00:00,25.53815607723471,2.542,18.991183877153226,25.548377957498403,,4.898894611897684,stop,0.1180924767759518,0.04724804725148869,11.6254162439335,2.3730692666258775,69,490.0023509000671
2023-09-30 12:00:00+00:00,2023-09-30 16:00:00+00:00,21.44857865375272,2023-10-09 08:00:00+00:00,22.309759662137527,4.552,20.346682894160864,22.318701080496446,,5.01582949766212,stop,0.19918795601393238,0.079751368252171,3.7209079941537055,0.7418330299879656,52,501.6277671440006
2023-10-19 16:00:00+00:00,2023-10-19 20:00:00+00:00,25.16006195870142,2023-11-02 16:00:00+00:00,38.987345428476544,3.126,23.543708895978472,39.002948080013695,,5.05271967407193,stop,0.2005247954923183,0.08022757160577476,43.02356333102472,8.514931780561758,83,505.34867513815425
2023-11-09 08:00:00+00:00,2023-11-09 12:00:00+00:00,47.148853131651016,2023-11-09 16:00:00+00:00,42.581206312731545,1.205,42.59824623999917,42.59824623999917,,5.483481304440477,stop,0.108124721630481,0.0432511359969595,-5.612139138428439,-1.0234628016117748,1,548.3722384691789
2023-11-10 08:00:00+00:00,2023-11-10 12:00:00+00:00,50.72028073702103,2023-11-13 20:00:00+00:00,51.746706848599665,0.814,44.058336965175435,51.76741474658979,,5.422822230282312,stop,0.08340812789469523,0.03336474889907892,0.7521027269303104,0.138692122845258,20,542.7600993307504
2023-11-15 16:00:00+00:00,2023-11-15 20:00:00+00:00,65.36613655253088,2023-11-17 12:00:00+00:00,55.50319817601009,0.498,54.45230878056324,55.52540907446981,,5.435086230439879,stop,0.0601929286948134,0.02407703059331753,-4.971936240202172,-0.9147851624425428,10,543.5122020576807
2023-12-07 20:00:00+00:00,2023-12-08 00:00:00+00:00,67.76709698483342,2023-12-11 00:00:00+00:00,69.62490132343875,0.769,60.768452170527176,69.65276502959253,,5.381957862201497,stop,0.1056544466990613,0.04226477136915767,1.3229970896884424,0.2458207818719838,18,538.5402658174786
2023-12-15 08:00:00+00:00,2023-12-15 12:00:00+00:00,79.16165334417832,2023-12-17 20:00:00+00:00,71.41354085112883,0.622,70.48997403517168,71.44211939452765,,5.393784530202122,stop,0.09365777078948105,0.03746423407298477,-4.91298374146627,-0.9108602158570404,14,539.863262907167
2023-12-20 12:00:00+00:00,2023-12-20 16:00:00+00:00,80.7122731823222,2023-12-26 16:00:00+00:00,106.28062196200854,0.654,72.53522953779392,106.32315287641447,,5.347786543521501,stop,0.12229335342439232,0.04892187926019691,16.599406748490487,3.1039770591815414,36,534.9502791657007
2024-01-30 08:00:00+00:00,2024-01-30 12:00:00+00:00,106.1124309768852,2024-01-31 08:00:00+00:00,98.02524453403268,0.685,98.06447458842678,98.06447458842678,,5.5128501260940155,stop,0.13983430772497876,0.05593780642631778,-5.679557021078949,-1.0302396929304969,5,551.5496859141912
2024-02-10 00:00:00+00:00,2024-02-10 04:00:00+00:00,110.7142725623439,2024-02-11 20:00:00+00:00,107.41700740361615,0.721,103.15005176169295,104.24729172319627,,5.453803197269331,end,0.1572726528554572,0.06291817944269461,-2.5346008322981533,-0.46474006131486456,10,545.8701288931122
2024-02-12 20:00:00+00:00,2024-02-13 00:00:00+00:00,111.69466446143305,2024-02-16 08:00:00+00:00,111.4254042238538,0.697,103.90464832893583,109.2678513824124,,5.429641244350562,signal,0.15551468787364492,0.06221438559272978,-0.34318907346639094,-0.06320658364371175,20,543.3355280608141
2024-02-26 16:00:00+00:00,2024-02-26 20:00:00+00:00,109.7438820332137,2024-03-03 08:00:00+00:00,126.71928762534841,0.706,102.06153266007901,121.75550397666095,,5.423738657433084,signal,0.16694299777894483,0.0667836519528827,11.817693350268186,2.1788832568605354,33,542.9923389873477
2024-03-05 12:00:00+00:00,2024-03-05 16:00:00+00:00,139.24567671291453,2024-03-05 20:00:00+00:00,119.19230359995744,0.384,124.81675291934218,124.81675291934218,,5.540706736731785,signal,0.09924018444014285,0.03969527537552131,-7.799735459815665,-1.4077149054122975,1,554.8100323376159
2024-03-07 12:00:00+00:00,2024-03-07 16:00:00+00:00,145.97836867779472,2024-03-10 16:00:00+00:00,142.8528345393034,0.257,124.71285492887843,133.47787783129493,,5.465237033471487,signal,0.07422961922679422,0.029692273592274717,-0.8774918928190729,-0.1605587987208846,18,547.0102968778002
2024-03-12 00:00:00+00:00,2024-03-12 04:00:00+00:00,150.9703658129727,2024-03-19 04:00:00+00:00,179.90983971684048,0.368,136.15486725593155,179.9818335006547,,5.4521034689911385,stop,0.12176391563497124,0.04870833161757855,10.527962480988371,1.930990954384157,42,546.1328049849811
2024-03-25 12:00:00+00:00,2024-03-25 16:00:00+00:00,192.85711414140513,2024-03-27 16:00:00+00:00,181.0375547490389,0.291,173.74068293086566,178.44923978748486,,5.56288148226699,signal,0.1088033486471192,0.04352178317858073,-3.5482951318256966,-0.6378520094553035,12,556.6607674659695
2024-03-30 04:00:00+00:00,2024-03-30 08:00:00+00:00,195.83830690718676,2024-04-01 12:00:00+00:00,189.22879301187743,0.351,180.1002455555068,189.30452046329754,,5.52405953443967,stop,0.13515855207159153,0.0540660598710144,-2.455097929325163,-0.4444372682841107,13,553.1124723341437
2024-04-22 20:00:00+00:00,2024-04-23 00:00:00+00:00,157.00278110562493,2024-04-24 16:00:00+00:00,151.4493944471096,0.375,142.33612609459388,146.44657466041843,,5.499995629136645,signal,0.11566956583227544,0.046269996943248515,-2.198189562775532,-0.39967114721518243,10,550.6573744048186
2024-05-06 08:00:00+00:00,2024-05-06 12:00:00+00:00,154.05159840358786,2024-05-08 08:00:00+00:00,146.35143243919657,0.484,142.72119350115736,143.18860940114584,,5.483915972776357,signal,0.14539506692790768,0.058160326765377704,-3.8722753936933003,-0.7061150121402887,11,548.4591848420431
2024-05-15 12:00:00+00:00,2024-05-15 16:00:00+00:00,151.67064591063775,2024-05-23 08:00:00+00:00,173.5175745578332,0.457,139.7729014689683,173.58701468286432,,5.437269209842924,stop,0.14861101675409122,0.05944931830066588,9.835435375014228,1.8088924780861386,46,544.5869094483498
2024-06-04 16:00:00+00:00,2024-06-04 20:00:00+00:00,169.53779675711175,2024-06-06 20:00:00+00:00,169.0523414873559,0.694,161.55408099987017,167.37929288776505,,5.540698735525664,signal,0.23498155594166054,0.09400595721056111,-0.5718875131522196,-0.10321577484179219,12,554.422344823364
2024-06-27 12:00:00+00:00,2024-06-27 16:00:00+00:00,147.82910932230493,2024-06-30 00:00:00+00:00,139.35808939251788,0.468,136.00162787586925,139.4138725284202,,5.535261316931905,stop,0.1344036089985371,0.053769670440986836,-4.0988409361388705,-0.7404963743266928,14,553.8504573102118
2024-07-02 16:00:00+00:00,2024-07-02 20:00:00+00:00,152.86112667648743,2024-07-03 08:00:00+00:00,144.04572099823775,0.545,142.78706144802055,144.1033680021379,,5.490365549514449,stop,0.16181423198272524,0.06473165581122146,-4.966210326628811,-0.9045318170240974,3,549.7516163740729
2024-07-14 20:00:00+00:00,2024-07-15 00:00:00+00:00,147.71907406859322,2024-07-23 16:00:00+00:00,171.86093401989245,0.63,139.07332868644275,171.92971173431056,,5.446819590754792,stop,0.201335405095746,0.08054662329713352,15.008036364222775,2.755376071147427,52,544.7854060474441
2024-07-27 04:00:00+00:00,2024-07-27 08:00:00+00:00,185.90434186522424,2024-07-30 12:00:00+00:00,179.11681445852992,0.407,172.16204608281197,179.1885015324399,,5.593114383441798,stop,0.14856361062376794,0.05943377822761832,-2.9110872651483675,-0.5204769767924879,19,559.7934424116669
2024-08-08 12:00:00+00:00,2024-08-08 16:00:00+00:00,160.66424105080702,2024-08-11 16:00:00+00:00,148.6705059643774,0.242,137.72718825817822,145.03723723738207,,5.550766775816169,signal,0.07485900877767464,0.029943890915964347,-2.9773428996936318,-0.5363840744787646,18,556.8823551465185
2024-08-23 20:00:00+00:00,2024-08-24 00:00:00+00:00,153.33131321460232,2024-08-27 12:00:00+00:00,154.19828852481731,0.609,144.24489301854618,151.5452374447088,,5.533629899398184,signal,0.18728552745930657,0.07492203607905515,0.34070243646162623,0.06156942958882735,21,553.905012246825
2024-09-19 08:00:00+00:00,2024-09-19 12:00:00+00:00,139.5257991486466,2024-09-22 16:00:00+00:00,143.0627383139192,0.672,131.28091633952727,142.16583100750424,,5.540561247728183,signal,0.18989949717484422,0.07597688093681701,2.1869236218883543,0.39471156875759955,19,554.2457146832867
2024-09-24 20:00:00+00:00,2024-09-25 00:00:00+00:00,152.80110032018547,2024-10-01 00:00:00+00:00,152.4489874723906,0.55,142.6901549755874,151.31640212695413,,5.561019939528936,signal,0.16788754828591684,0.0671620662871689,-0.3615496145731072,-0.06501498259395441,36,556.432638305175
2024-10-06 12:00:00+00:00,2024-10-06 16:00:00+00:00,146.04840943359275,2024-10-08 08:00:00+00:00,143.02275552949598,0.686,137.9445393051512,141.56776506115668,,5.559254908110896,signal,0.1983028191646789,0.0793385782103872,-2.27390139737507,-0.40902988529226664,10,556.071088690602
2024-10-14 00:00:00+00:00,2024-10-14 04:00:00+00:00,152.5710125719372,2024-10-17 12:00:00+00:00,151.2494622470055,0.734,145.03236511577398,149.5721686835448,,5.533367232823786,signal,0.22300422851710394,0.08921793849986018,-1.193022167016963,-0.21560509483989918,20,553.7971872932269
2024-10-19 20:00:00+00:00,2024-10-20 00:00:00+00:00,159.85392911199327,2024-10-25 16:00:00+00:00,166.42293315584612,0.698,151.93930506350867,166.48953413891584,,5.524407585842246,stop,0.22774124986295188,0.09111000635396993,4.357423572746342,0.788758523884695,34,552.6041651262099
2024-10-29 00:00:00+00:00,2024-10-29 04:00:00+00:00,181.88272880861965,2024-10-30 16:00:00+00:00,173.87041882432723,0.491,170.5602925234241,171.21532342617542,,5.5593162160310206,signal,0.17467479548777692,0.06987420228757343,-4.108718997775341,-0.7390691297478832,9,556.9615886989562
2024-11-06 00:00:00+00:00,2024-11-06 04:00:00+00:00,185.01397726011064,2024-11-13 04:00:00+00:00,203.108720969284,0.367,169.97490363261184,202.75816586883624,,5.51934002129206,signal,0.14244103025018784,0.05697905873337254,6.498329911016441,1.1773744480223565,42,552.8528697011809
2024-11-17 04:00:00+00:00,2024-11-17 08:00:00+00:00,237.3148890287905,2024-11-24 12:00:00+00:00,248.2906400031679,0.248,214.8439643779806,242.6491886368393,,5.5727893134008575,signal,0.12043017119992569,0.04817375835440044,2.6015560704456746,0.46683194431731456,43,559.3511996121973
2024-12-05 08:00:00+00:00,2024-12-05 12:00:00+00:00,241.88671934315235,2024-12-09 04:00:00+00:00,231.7272671774063,0.251,219.54599151381032,225.01142901583896,,5.607522685164848,signal,0.11887711061666023,0.04755249360225787,-2.6688996042189146,-0.4759498541628201,22,561.952755682643
2025-01-02 04:00:00+00:00,2025-01-02 08:00:00+00:00,205.99236896581684,2025-01-07 12:00:00+00:00,210.6603655783122,0.391,191.71020783877023,210.74467156179716,,5.5843250006752205,stop,0.16291121920675447,0.06516990517700669,1.6622754562789197,0.2976681077977962,31,559.283856078424
2025-01-15 16:00:00+00:00,2025-01-15 20:00:00+00:00,201.98076551621088,2025-01-19 20:00:00+00:00,247.6798901480384,0.38,187.23903814215495,247.77900447959593,,5.601856402141257,stop,0.17087104915241474,0.06835434215199371,17.194796310942053,3.069481806847013,24,560.946131534703
